"(1061531429, 1825841742)"	1.325
"(1061531454, 1061531803)"	1.325
"(1061531500, 1061531757)"	1.325
"(1061531593, 1061531807)"	1.325
"(1061531596, 1061531631)"	1.325
"(1061531596, 1061531730)"	1.325
"(1061531631, 1061531802)"	1.325
"(1061531645, 1061531818)"	1.325
"(1061531802, 1061531815)"	1.325
"(1260335220, 1260335264)"	1.0
"(246580346, 373903786)"	0.922
"(246857084, 246889362)"	0.922
"(247081122, 247085867)"	0.922
"(276204477, 592643527)"	1.257
"(276233404, 276233422)"	1.257
"(276314179, 276314186)"	0.82
"(276314186, 597414736)"	0.82
"(277387017, 3440153798)"	0.82
"(277578454, 280633667)"	0.745
"(280633667, 4695130340)"	0.745
"(2844853155, 2844853157)"	1.257
"(3026465132, 4526565698)"	2.208
"(3046713421, 6219469864)"	1.483
"(3099327950, 3099327952)"	0.995
"(3574648567, 5815234915)"	1.781
"(371337227, 5916527828)"	1.001
"(3838924967, 6202706307)"	0.745
"(42421731, 42437916)"	2.492
"(42421775, 42428657)"	0.975
"(42421778, 42441587)"	1.366
"(42421857, 42428858)"	0.975
"(42421974, 1241742563)"	5.604
"(42422006, 42428682)"	0.975
"(42423456, 4616536348)"	2.756
"(42424218, 42440973)"	0.922
"(42427086, 42428962)"	0.975
"(42427374, 42439836)"	2.686
"(42427805, 42435420)"	2.686
"(42427812, 42435633)"	1.753
"(42427821, 42438674)"	1.728
"(42427956, 42431889)"	3.219
"(42428005, 42428007)"	3.284
"(42428027, 42428029)"	1.494
"(42428045, 42428047)"	1.494
"(42428264, 42428268)"	9.279
"(42428313, 42428315)"	5.083
"(42428329, 42428332)"	5.083
"(42428436, 42452048)"	0.975
"(42428438, 42432161)"	0.82
"(42428460, 42449580)"	2.739
"(42428483, 42428489)"	2.56
"(42428579, 42428588)"	3.976
"(42428637, 42428640)"	0.975
"(42428643, 42428645)"	0.975
"(42428661, 42428663)"	0.975
"(42428701, 42428705)"	0.975
"(42428705, 42428709)"	0.975
"(42428746, 42428751)"	0.975
"(42428867, 42428869)"	0.975
"(42428926, 42428928)"	0.975
"(42428947, 561035367)"	1.325
"(42428951, 42428953)"	0.975
"(42429373, 42436935)"	2.282
"(42429375, 42439073)"	0.975
"(42429645, 486868873)"	0.82
"(42429741, 42435775)"	4.011
"(42429773, 486867513)"	0.905
"(42429782, 486868138)"	0.82
"(42429896, 4138911201)"	1.222
"(42429896, 42429900)"	2.121
"(42429976, 42431654)"	1.344
"(42429980, 42449982)"	3.737
"(42430038, 42430041)"	3.165
"(42430052, 42439556)"	2.444
"(42430052, 42446013)"	1.222
"(42430060, 42439559)"	1.344
"(42430164, 42439345)"	1.781
"(42430187, 42431773)"	2.282
"(42430217, 1692433940)"	4.254
"(42430231, 42430233)"	4.254
"(42430235, 42430237)"	2.096
"(42430253, 42430255)"	2.121
"(42430257, 42430259)"	2.121
"(42430304, 42430308)"	2.493
"(42430761, 42430770)"	0.975
"(42430803, 5837088104)"	3.257
"(42430811, 42430813)"	0.975
"(42430886, 3892037906)"	2.56
"(42431089, 42431094)"	0.995
"(42431207, 42435755)"	5.007
"(42431519, 42431524)"	2.176
"(42431549, 42440022)"	5.154
"(42431556, 42435714)"	5.666
"(42431560, 42440960)"	2.984
"(42431611, 272195271)"	0.922
"(42431674, 42437425)"	1.222
"(42431674, 42445994)"	1.222
"(42431785, 42431789)"	2.282
"(42431902, 370880739)"	0.905
"(42432068, 1919595929)"	1.863
"(42432075, 42437074)"	1.355
"(42432099, 42452084)"	0.905
"(42432191, 42436856)"	2.282
"(42432558, 42443336)"	6.778
"(42432585, 42440001)"	5.154
"(42432605, 42440253)"	0.922
"(42432706, 42455761)"	5.81
"(42432825, 596775935)"	3.583
"(42432856, 42449971)"	3.737
"(42433260, 42433282)"	2.159
"(42433286, 42433822)"	2.282
"(42433569, 42437312)"	1.366
"(42434085, 100522741)"	2.387
"(42434148, 42449023)"	3.998
"(42434160, 42442480)"	1.514
"(42434172, 42444500)"	1.373
"(42434197, 42434201)"	1.222
"(42434201, 42434205)"	1.222
"(42434271, 5849918502)"	1.753
"(42434308, 42435880)"	1.001
"(42434845, 42445702)"	1.781
"(42434951, 3786901743)"	3.102
"(42435317, 42435319)"	2.223
"(42435331, 42435333)"	1.001
"(42435624, 4205565533)"	1.753
"(42435663, 5849918504)"	1.753
"(42435677, 42435680)"	1.753
"(42435707, 42435710)"	18.41
"(42435794, 42435802)"	2.515
"(42435837, 42435844)"	1.001
"(42435856, 42435858)"	1.001
"(42435863, 42435865)"	1.001
"(42436371, 42448563)"	1.366
"(42436481, 42438795)"	5.237
"(42436481, 42445230)"	5.473
"(42436481, 596776057)"	1.312
"(42436511, 42445953)"	1.222
"(42436519, 42449982)"	3.737
"(42436575, 42445867)"	3.851
"(42436641, 596776349)"	2.5
"(42436701, 42445936)"	4.524
"(42436703, 42436705)"	2.431
"(42436748, 42446266)"	1.373
"(42436753, 42446275)"	1.222
"(42436763, 42452026)"	0.975
"(42436763, 5216470727)"	0.975
"(42436788, 42448558)"	3.542
"(42437005, 42441521)"	1.366
"(42437052, 42442492)"	1.514
"(42437135, 588455857)"	0.905
"(42437363, 42439981)"	10.237
"(42437368, 42445011)"	2.442
"(42437428, 596775973)"	2.374
"(42437433, 42447069)"	4.697
"(42437644, 42446701)"	5.154
"(42437678, 42446678)"	4.602
"(42438300, 595245859)"	2.319
"(42438784, 42440710)"	2.658
"(42438805, 42439567)"	2.039
"(42438881, 42445926)"	1.222
"(42438891, 42449956)"	3.919
"(42439249, 42445558)"	2.528
"(42439345, 42455200)"	0.975
"(42439537, 1692433940)"	4.254
"(42439955, 42439960)"	6.794
"(42439990, 42439994)"	10.237
"(42440356, 3350498747)"	0.905
"(42440401, 42453607)"	1.355
"(42440838, 42452015)"	1.781
"(42440838, 4778174564)"	1.781
"(42440934, 1241742627)"	1.497
"(42440946, 42453472)"	3.536
"(42441382, 595314119)"	1.366
"(42442417, 1733614298)"	1.514
"(42442492, 42442502)"	1.514
"(42442549, 42442552)"	1.514
"(42442555, 42442557)"	1.514
"(42442842, 42443513)"	2.159
"(42442848, 1773084402)"	2.739
"(42442850, 42453166)"	1.355
"(42443024, 42446472)"	1.791
"(42443363, 4016646206)"	3.241
"(42443561, 42445011)"	2.442
"(42443563, 42454433)"	5.81
"(42444108, 1538237325)"	0.905
"(42444108, 278609760)"	0.905
"(42444116, 42444123)"	0.905
"(42444456, 596776654)"	0.995
"(42444829, 42453175)"	3.998
"(42445037, 42445039)"	4.48
"(42445037, 42455643)"	1.497
"(42445411, 42445413)"	14.279
"(42445520, 1692433916)"	2.163
"(42445558, 42449017)"	3.993
"(42445651, 42445910)"	9.865
"(42445769, 42449345)"	6.772
"(42445823, 42447182)"	2.5
"(42445908, 42452973)"	4.125
"(42445909, 42445910)"	9.865
"(42445936, 42445941)"	4.524
"(42445936, 42450426)"	2.387
"(42446086, 596776260)"	1.494
"(42446528, 42453104)"	8.684
"(42446552, 42454997)"	1.863
"(42447030, 42449982)"	7.139
"(42447060, 42449985)"	3.354
"(42447084, 42454691)"	1.312
"(42447132, 42450028)"	1.791
"(42448563, 42455200)"	0.975
"(42449308, 3786901738)"	3.102
"(42449570, 42452040)"	0.975
"(42449576, 1919595925)"	2.508
"(42464273, 42482398)"	0.82
"(42464848, 42491585)"	2.208
"(42470218, 42497116)"	1.0
"(42470218, 42512428)"	1.0
"(42471652, 42509320)"	1.0
"(42473569, 42473572)"	1.0
"(42473572, 42514789)"	1.0
"(42474802, 42474811)"	1.72
"(42474993, 42474997)"	1.0
"(42475021, 42475027)"	1.0
"(42475551, 42475553)"	1.72
"(42475569, 2806745705)"	1.72
"(42476080, 42486371)"	1.72
"(42476610, 42476614)"	0.82
"(42476621, 42476625)"	0.82
"(42476629, 42476636)"	0.82
"(42476673, 42476675)"	0.82
"(42477655, 5330321649)"	1.676
"(42481904, 42491554)"	2.208
"(42481904, 4526565698)"	2.208
"(42482398, 2089937767)"	0.82
"(42482726, 598629655)"	1.0
"(42485154, 42502330)"	1.0
"(42488696, 42528763)"	1.781
"(42491152, 42527635)"	1.355
"(42491173, 42527647)"	4.021
"(42497591, 42497593)"	0.922
"(42497598, 42497602)"	0.922
"(42505086, 42536381)"	1.0
"(42514789, 42514792)"	1.0
"(42520572, 4593135573)"	1.355
"(42735984, 5116063237)"	1.001
"(42736033, 42736037)"	1.001
"(42736268, 5296140997)"	1.001
"(42736282, 42736286)"	1.001
"(42736339, 596668816)"	1.001
"(42742605, 42742609)"	1.001
"(42763082, 42764810)"	1.001
"(42796283, 42804883)"	1.0
"(42798007, 280638200)"	0.745
"(42800665, 1702847480)"	1.0
"(42802052, 42802054)"	1.0
"(42815780, 42815782)"	2.486
"(42818232, 42841803)"	1.771
"(42819142, 42819144)"	0.745
"(42822520, 42822522)"	0.745
"(42827392, 42870277)"	1.257
"(42827962, 42846208)"	1.771
"(42830872, 42882408)"	1.0
"(42831221, 42859218)"	1.257
"(42834180, 5794904479)"	0.82
"(42839079, 42866051)"	1.257
"(42841708, 42912462)"	0.745
"(42843573, 42843577)"	1.676
"(42849703, 5104280319)"	1.771
"(42864880, 42909624)"	2.591
"(42870297, 42870299)"	1.257
"(42870348, 42870355)"	1.257
"(42882161, 42922021)"	0.745
"(42885584, 598668877)"	1.0
"(42885645, 42885663)"	1.0
"(42885681, 42885685)"	1.0
"(42886862, 42910013)"	0.745
"(42887777, 42894850)"	0.745
"(42889725, 42917985)"	0.745
"(42894087, 42942036)"	0.745
"(42909624, 4826663674)"	2.591
"(42910593, 42910603)"	1.771
"(42917872, 42932884)"	1.741
"(42920217, 276204325)"	1.741
"(42931283, 42941954)"	0.745
"(449658617, 598227836)"	1.781
"(4597668020, 4597668044)"	2.259
"(476025020, 3440153798)"	0.82
"(486864458, 3785707059)"	2.345
"(486864458, 486871373)"	2.345
"(486867405, 3212472843)"	2.345
"(4899886546, 4899886584)"	0.922
"(529049383, 529283310)"	0.775
"(529062409, 5214547508)"	0.775
"(5396265649, 5396265665)"	0.745
"(5396265654, 5396265663)"	0.745
"(5396265663, 5396265665)"	0.745
"(595314119, 2029349908)"	1.366
"(595790188, 595793819)"	0.775
"(597294491, 598433545)"	1.257
"(599041290, 599041302)"	1.0
"(5995553019, 6124099156)"	4.074
"(5995553019, 6153780511)"	4.074
"(60927650, 60927825)"	0.953
"(60927827, 595441960)"	0.953
"(60927827, 60927832)"	0.953
"(61261100, 254484327)"	0.922
"(61269797, 595245843)"	2.319
"(6153780511, 6181861015)"	4.074
"(6153866462, 6218794923)"	3.012
"(62915509, 62915525)"	4.602
"(1061531525, 1061531645)"	1.325
"(1061531550, 1061531818)"	1.325
"(1061531566, 1061531695)"	1.325
"(1061531603, 1061531839)"	1.325
"(1061531683, 1061531839)"	1.325
"(1061531731, 1061531736)"	1.325
"(1072019970, 2089938099)"	1.257
"(1259822852, 1259822853)"	1.72
"(1260335264, 1260335265)"	1.0
"(1506445762, 6223571524)"	1.325
"(2029349871, 2029349908)"	1.366
"(2408357235, 2408357249)"	1.001
"(246580982, 246648063)"	0.922
"(246890098, 246890279)"	0.922
"(247123651, 4682935360)"	4.602
"(274417836, 274420286)"	2.228
"(276204366, 592643538)"	1.741
"(277387017, 597311311)"	0.82
"(277578452, 277578666)"	0.745
"(277578666, 2797739003)"	0.745
"(3212472978, 5706568658)"	0.905
"(3630249566, 3785707059)"	2.345
"(370705004, 4878831008)"	0.922
"(4059141532, 4059141533)"	1.0
"(42421728, 42432736)"	1.001
"(42421741, 42437918)"	1.514
"(42421951, 42444223)"	0.905
"(42421974, 1241742627)"	1.497
"(42421982, 1241742743)"	1.514
"(42421996, 42438043)"	3.241
"(42422000, 42437052)"	1.514
"(42423070, 61269797)"	2.319
"(42424698, 587934347)"	0.953
"(42424937, 587812665)"	0.953
"(42425232, 42425570)"	1.001
"(42427086, 561035374)"	0.975
"(42427316, 42427319)"	4.507
"(42427369, 42427371)"	2.56
"(42427426, 42439840)"	2.686
"(42427762, 42445947)"	2.039
"(42428013, 42428014)"	3.284
"(42428015, 42446478)"	1.791
"(42428034, 42428037)"	1.494
"(42428039, 42428043)"	1.494
"(42428174, 4597668026)"	2.56
"(42428258, 42428264)"	9.279
"(42428297, 42439984)"	10.237
"(42428307, 42428308)"	5.083
"(42428308, 42428310)"	5.083
"(42428570, 1825841754)"	8.084
"(42428590, 42428595)"	0.975
"(42428595, 42428598)"	0.975
"(42428720, 42428723)"	0.975
"(42428770, 595314103)"	0.975
"(42428790, 42428799)"	0.975
"(42428912, 42428913)"	0.975
"(42428939, 42428941)"	0.975
"(42428944, 42428947)"	0.975
"(42429342, 42456066)"	1.312
"(42429645, 42429756)"	0.82
"(42429754, 486867432)"	2.345
"(42429766, 486868830)"	0.82
"(42429876, 42445879)"	3.851
"(42429888, 42429890)"	2.121
"(42429896, 42449918)"	1.222
"(42430164, 42439335)"	1.781
"(42430231, 1692433941)"	2.739
"(42430361, 42440004)"	10.303
"(42430468, 4321748238)"	1.366
"(42430603, 42438684)"	2.17
"(42430782, 42431528)"	2.176
"(42430791, 42430796)"	0.975
"(42430805, 4320028826)"	0.975
"(42430828, 42432205)"	2.096
"(42430857, 42449067)"	4.79
"(42430898, 3892037906)"	2.56
"(42430898, 42430903)"	2.56
"(42430984, 42430985)"	2.282
"(42431096, 42431099)"	0.995
"(42431470, 42440743)"	2.236
"(42431563, 42440966)"	5.81
"(42431563, 42455643)"	5.81
"(42431614, 42431617)"	0.922
"(42431626, 246858448)"	0.922
"(42431674, 596776017)"	3.354
"(42431677, 42431678)"	3.354
"(42431677, 42455694)"	8.734
"(42431678, 42437433)"	4.697
"(42431902, 3790255302)"	0.905
"(42432211, 42454742)"	2.096
"(42432564, 42442432)"	2.839
"(42432703, 42445018)"	5.426
"(42432706, 42443563)"	5.81
"(42432736, 42435341)"	1.001
"(42433218, 3350498747)"	0.905
"(42433260, 42433261)"	2.159
"(42433292, 42433295)"	2.508
"(42433574, 42452026)"	0.975
"(42433574, 42452040)"	0.975
"(42434087, 42449954)"	2.595
"(42434140, 42434196)"	1.222
"(42434148, 42434215)"	3.998
"(42434156, 42435310)"	2.223
"(42434161, 42441564)"	1.366
"(42434246, 42434249)"	0.775
"(42434412, 42434413)"	11.293
"(42434807, 42438547)"	2.686
"(42434810, 42435632)"	1.753
"(42434827, 42438684)"	6.772
"(42434827, 42445314)"	6.772
"(42435272, 42435275)"	2.28
"(42435323, 42435328)"	2.223
"(42435336, 42435337)"	1.001
"(42435509, 42447132)"	2.643
"(42435514, 42448238)"	5.335
"(42435514, 42450028)"	5.335
"(42435518, 42456066)"	1.312
"(42435603, 42439275)"	1.711
"(42435610, 42444916)"	3.1
"(42435644, 42435645)"	6.809
"(42435654, 42435657)"	1.753
"(42435680, 42443532)"	3.301
"(42435702, 42435705)"	15.968
"(42435802, 42435803)"	2.515
"(42435860, 42435861)"	1.001
"(42435880, 42443574)"	1.001
"(42436056, 42436336)"	1.781
"(42436109, 42436371)"	1.366
"(42436477, 596776057)"	1.312
"(42436486, 42436489)"	1.548
"(42436575, 42445879)"	3.851
"(42436700, 42436701)"	2.431
"(42436793, 42439537)"	4.254
"(42436903, 42453457)"	3.536
"(42437021, 42437280)"	3.75
"(42437058, 42441535)"	1.366
"(42437280, 42456543)"	5.123
"(42437368, 42445001)"	7.498
"(42437654, 42439952)"	6.794
"(42437670, 42446668)"	1.728
"(42438490, 42452954)"	1.753
"(42438862, 42442459)"	1.514
"(42438891, 42448813)"	2.595
"(42439275, 42439830)"	0.975
"(42439403, 42450025)"	5.335
"(42439823, 42439826)"	0.975
"(42440253, 42453564)"	0.922
"(42440545, 1692433920)"	2.508
"(42440545, 42440553)"	4.254
"(42440785, 5407894891)"	0.905
"(42440946, 42449098)"	3.536
"(42441535, 595314125)"	1.366
"(42441564, 42441569)"	1.366
"(42442247, 42445498)"	2.163
"(42442445, 42442451)"	1.514
"(42442542, 42443388)"	0.995
"(42443263, 42443264)"	1.494
"(42443264, 42446093)"	1.494
"(42443296, 42449017)"	1.222
"(42443320, 5117963654)"	1.325
"(42443381, 42443388)"	1.497
"(42443844, 1272562931)"	2.208
"(42444116, 588455857)"	0.905
"(42444897, 4557517555)"	1.753
"(42444991, 42445001)"	7.498
"(42445033, 1815133244)"	5.426
"(42445409, 4597668033)"	1.73
"(42445511, 1918039897)"	2.163
"(42445661, 42449938)"	1.222
"(42445908, 42445909)"	9.865
"(42445908, 561042193)"	4.125
"(42445950, 42445953)"	1.222
"(42445950, 596775946)"	10.51
"(42446275, 42449918)"	1.222
"(42446363, 42449550)"	5.81
"(42446941, 42446942)"	3.567
"(42446945, 42453986)"	3.567
"(42447235, 5542680310)"	3.737
"(42447435, 42451604)"	2.159
"(42448549, 4202908174)"	3.542
"(42448813, 42449954)"	2.595
"(42449314, 42449926)"	15.501
"(42449685, 42449932)"	1.222
"(42449985, 5542680310)"	3.737
"(42450352, 61271722)"	4.602
"(42452015, 4602414021)"	2.756
"(42453555, 593854257)"	0.922
"(42453986, 561042194)"	3.567
"(42454522, 4597668031)"	1.222
"(42458333, 561042193)"	4.125
"(42458435, 587812665)"	0.953
"(42461394, 248606828)"	0.922
"(42464200, 42476675)"	0.82
"(42464292, 42502920)"	0.82
"(42464409, 42490339)"	1.676
"(42466405, 42476656)"	0.82
"(42467466, 42474825)"	1.72
"(42471651, 42471652)"	1.0
"(42472683, 42476648)"	0.82
"(42474067, 42488973)"	1.0
"(42474067, 598629626)"	1.0
"(42474162, 42520569)"	1.355
"(42474162, 42520572)"	1.355
"(42474822, 42474825)"	1.72
"(42474976, 42474979)"	1.0
"(42475559, 5924218322)"	1.72
"(42475597, 42475604)"	1.72
"(42476080, 4705971225)"	1.72
"(42476580, 42476585)"	0.82
"(42476585, 42476610)"	0.82
"(42476629, 598031731)"	0.82
"(42477251, 4708375542)"	1.72
"(42478160, 42516555)"	1.781
"(42478536, 42511388)"	1.0
"(42480069, 42509239)"	2.684
"(42482410, 42482417)"	0.82
"(42486300, 42514734)"	1.72
"(42486371, 544352667)"	1.72
"(42488298, 42491462)"	1.355
"(42488298, 42531876)"	1.355
"(42488398, 42516555)"	1.781
"(42491478, 4593135567)"	2.345
"(42491554, 42497737)"	2.208
"(42491582, 42491585)"	2.208
"(42495624, 42495779)"	1.0
"(42497602, 42497607)"	0.922
"(42724759, 471243699)"	0.775
"(42735731, 42735798)"	1.001
"(42736290, 42736293)"	1.001
"(42736323, 42736328)"	1.001
"(42736331, 42736334)"	1.001
"(42736703, 42746222)"	1.001
"(42737957, 42742600)"	1.001
"(42742600, 42742739)"	1.001
"(42763894, 42764829)"	1.001
"(42787935, 1942055389)"	1.0
"(42791253, 42874544)"	2.228
"(42792794, 274420493)"	2.228
"(42793187, 106110474)"	0.82
"(42797788, 42825321)"	0.82
"(42800666, 1702847480)"	1.0
"(42801644, 42885595)"	1.0
"(42801971, 42814527)"	1.0
"(42807758, 42860019)"	1.771
"(42815799, 42815802)"	2.486
"(42815810, 42815813)"	2.486
"(42815813, 42849745)"	2.486
"(42815840, 42888672)"	1.741
"(42815968, 2875326391)"	0.82
"(42817758, 597294546)"	2.486
"(42819686, 42891030)"	1.483
"(42820836, 597294547)"	1.257
"(42822506, 42822509)"	0.745
"(42822524, 42822530)"	0.745
"(42824172, 42900657)"	1.741
"(42824661, 42885681)"	1.0
"(42825313, 597294481)"	0.82
"(42825315, 42825316)"	0.82
"(42825321, 597414628)"	0.82
"(42831221, 42870348)"	1.257
"(42831688, 42870376)"	1.257
"(42831859, 42843585)"	1.676
"(42836592, 42885685)"	1.0
"(42844306, 42911782)"	1.257
"(42845872, 42900660)"	1.741
"(42846322, 562073896)"	2.268
"(42849753, 42920217)"	1.741
"(42870235, 42870238)"	1.257
"(42882408, 42885576)"	1.0
"(42888672, 42926409)"	1.741
"(42889725, 42906557)"	0.745
"(42889891, 42898298)"	0.745
"(42891030, 42918895)"	1.483
"(42895454, 106134113)"	1.771
"(42901141, 42912447)"	0.745
"(42903773, 42910013)"	0.745
"(42912462, 42912467)"	0.745
"(42920204, 5421246251)"	1.483
"(42920473, 42932888)"	11.741
"(4320028826, 4679523598)"	2.159
"(4347550065, 4347550071)"	1.325
"(4597668026, 4597668036)"	2.56
"(4597668033, 4597668043)"	2.259
"(4616536348, 4616536352)"	2.756
"(4616536351, 4616536352)"	2.756
"(480212188, 4593135559)"	2.345
"(482617550, 2802726400)"	2.228
"(486869282, 1773076511)"	0.82
"(5396265649, 5396265677)"	0.745
"(595245920, 1672106382)"	2.319
"(596668816, 596668857)"	1.001
"(596775876, 596775914)"	4.645
"(596775907, 596775951)"	2.259
"(597294545, 597294553)"	1.257
"(597844596, 3026465132)"	2.208
"(598433545, 2708237394)"	1.257
"(598629578, 598629663)"	1.0
"(599041290, 599041383)"	1.0
"(61261104, 61269400)"	0.922
"(61275380, 247120300)"	4.602
"(61275601, 62915521)"	4.602
"(61275605, 247120300)"	4.602
"(100662028, 277481765)"	0.775
"(1061531504, 1061531807)"	1.325
"(1061531527, 1061531707)"	1.325
"(1061531527, 1061531787)"	1.325
"(1061531575, 1061531654)"	1.325
"(1061531727, 1061531730)"	1.325
"(1061531736, 1061531790)"	1.325
"(1061531768, 1061531810)"	1.325
"(106599704, 274420086)"	0.745
"(106666428, 3838924967)"	0.745
"(1272562931, 4158740807)"	2.208
"(1504153604, 6223571522)"	1.325
"(1672106385, 3533937800)"	2.319
"(1765378860, 2025097132)"	1.001
"(193868326, 371337239)"	1.001
"(2141026506, 3099327952)"	0.995
"(2447752433, 2447752440)"	0.745
"(246579753, 373903786)"	0.922
"(246580346, 246580982)"	0.922
"(246649429, 402475097)"	5.819
"(246650510, 247081122)"	0.922
"(246857084, 246890579)"	0.922
"(246858431, 5815234915)"	1.781
"(246858435, 373880031)"	1.781
"(246858445, 246890098)"	0.922
"(246889572, 246890279)"	0.922
"(276061379, 482640607)"	0.745
"(276207728, 588178907)"	1.257
"(276233402, 276233422)"	0.82
"(276314179, 5794904479)"	0.82
"(2802726394, 6219469864)"	1.483
"(280638530, 280638550)"	0.745
"(2844853152, 2844853154)"	1.257
"(2875326391, 4215741055)"	0.82
"(3046713421, 5951586866)"	2.591
"(3046713421, 6181861015)"	4.074
"(3718672443, 4557495130)"	4.498
"(3718672443, 6173564360)"	4.498
"(4059058475, 4059141533)"	1.0
"(4202908174, 4321748237)"	2.176
"(42421731, 42432737)"	2.492
"(42421769, 42443347)"	4.498
"(42421800, 42435308)"	1.222
"(42421820, 42441569)"	1.366
"(42421972, 42428575)"	3.976
"(42421985, 3533937800)"	2.282
"(42422053, 42448583)"	2.208
"(42423170, 277482762)"	0.995
"(42423885, 42433644)"	3.74
"(42424706, 254484327)"	0.922
"(42424706, 764744759)"	0.922
"(42424851, 42435310)"	2.223
"(42425232, 42443388)"	1.494
"(42425570, 42435331)"	1.001
"(42427371, 42430263)"	4.681
"(42427381, 42435610)"	1.753
"(42427427, 42435624)"	1.753
"(42427968, 42456049)"	7.139
"(42427972, 42431661)"	3.354
"(42428007, 42428010)"	3.284
"(42428020, 42428022)"	1.494
"(42428029, 42428032)"	1.494
"(42428063, 42442463)"	1.514
"(42428201, 42437881)"	3.851
"(42428283, 42428287)"	9.279
"(42428305, 42439996)"	5.083
"(42428308, 42440001)"	3.301
"(42428310, 42428312)"	5.083
"(42428436, 42449570)"	0.975
"(42428441, 42442269)"	2.508
"(42428491, 42436939)"	2.282
"(42428493, 42440721)"	2.771
"(42428714, 42428716)"	1.97
"(42428742, 42428746)"	0.975
"(42428799, 42428807)"	0.975
"(42428863, 42428867)"	0.975
"(42428922, 42428926)"	0.975
"(42428928, 42428931)"	0.975
"(42428934, 42428936)"	0.975
"(42428956, 42428958)"	0.975
"(42429334, 42447132)"	2.643
"(42429662, 42435603)"	6.564
"(42429666, 4872623863)"	6.772
"(42429685, 42445230)"	5.473
"(42429690, 42445236)"	2.515
"(42429690, 42449991)"	2.515
"(42429701, 42431777)"	2.282
"(42429762, 3212472843)"	2.345
"(42430063, 42439561)"	2.515
"(42430241, 42430247)"	2.658
"(42430247, 42430249)"	2.658
"(42430358, 42430361)"	13.604
"(42430363, 42446353)"	3.301
"(42430384, 42432818)"	1.325
"(42430796, 5837088105)"	0.975
"(42431002, 42431004)"	2.282
"(42431168, 1773084405)"	2.159
"(42431207, 42435746)"	5.007
"(42431505, 42436155)"	2.096
"(42431617, 42431626)"	0.922
"(42431656, 42449985)"	3.737
"(42431875, 42431877)"	2.208
"(42432436, 42437358)"	3.567
"(42432436, 42446488)"	3.567
"(42432558, 42443341)"	6.778
"(42432564, 1061531757)"	1.325
"(42432659, 5335109935)"	0.775
"(42432700, 42435675)"	1.753
"(42432834, 596775935)"	1.325
"(42433218, 42433243)"	0.905
"(42433567, 42437305)"	14.681
"(42433581, 42448558)"	3.542
"(42433587, 42456205)"	2.739
"(42434085, 42434087)"	2.387
"(42434087, 42444051)"	2.595
"(42434439, 42437368)"	6.195
"(42434439, 42437371)"	6.195
"(42434810, 42435633)"	1.753
"(42434946, 42452973)"	5.154
"(42435420, 42435422)"	2.686
"(42435504, 42448216)"	1.753
"(42435581, 42436427)"	2.096
"(42435581, 42454742)"	2.096
"(42435596, 42435598)"	4.853
"(42435599, 42435603)"	4.853
"(42435663, 42437368)"	4.125
"(42435687, 42435702)"	15.968
"(42435714, 42435716)"	5.666
"(42435761, 42435763)"	4.011
"(42435814, 1905863520)"	2.515
"(42435825, 1905863520)"	2.515
"(42435852, 42435856)"	1.001
"(42436109, 42448568)"	1.366
"(42436129, 6210448840)"	2.17
"(42436486, 42438800)"	2.515
"(42436492, 42438805)"	2.039
"(42436546, 42444817)"	3.545
"(42436586, 4138911201)"	1.222
"(42436701, 42445930)"	4.524
"(42436707, 42449961)"	3.919
"(42436710, 42436714)"	2.431
"(42436914, 42459137)"	3.925
"(42436990, 42442528)"	1.514
"(42437218, 42446733)"	1.514
"(42437343, 42453604)"	3.998
"(42437343, 42455051)"	3.998
"(42437363, 42439972)"	5.083
"(42437384, 42443336)"	4.498
"(42437425, 42445976)"	1.222
"(42437428, 42447230)"	7.512
"(42437663, 42444960)"	5.056
"(42437693, 42451695)"	1.728
"(42438509, 42456060)"	2.454
"(42438791, 42439556)"	2.444
"(42438881, 42445928)"	1.222
"(42439203, 42456543)"	5.123
"(42439236, 42445543)"	7.914
"(42439335, 42450325)"	1.781
"(42440009, 42440012)"	18.719
"(42440015, 42440020)"	5.154
"(42440397, 42446021)"	1.222
"(42440463, 42449956)"	3.919
"(42440532, 42448570)"	1.366
"(42440545, 42449580)"	2.508
"(42442422, 1733614298)"	1.514
"(42442475, 42442480)"	1.514
"(42442502, 42443363)"	1.744
"(42442943, 42449948)"	1.73
"(42443068, 42450057)"	2.5
"(42443344, 42443346)"	6.778
"(42443413, 42447295)"	1.514
"(42443532, 42445020)"	5.426
"(42443556, 42454428)"	3.567
"(42443570, 42453548)"	0.922
"(42444223, 42444230)"	0.905
"(42444960, 42444964)"	5.056
"(42445039, 42450341)"	2.07
"(42445374, 42445378)"	4.125
"(42445409, 42456568)"	3.102
"(42445511, 1692433916)"	2.163
"(42445617, 42452084)"	0.905
"(42445653, 561042197)"	3.102
"(42445661, 42449942)"	1.222
"(42445899, 42445903)"	1.222
"(42445972, 42445976)"	1.222
"(42445994, 596776027)"	1.222
"(42446504, 42455751)"	3.74
"(42447030, 42459114)"	7.139
"(42447228, 42457788)"	2.374
"(42447230, 42455666)"	7.512
"(42447303, 5838916777)"	4.006
"(42448216, 596776074)"	2.643
"(42448379, 42449963)"	3.919
"(42448549, 1919595928)"	1.781
"(42448593, 1538237248)"	2.208
"(42448996, 42453545)"	4.602
"(42449098, 42453468)"	3.536
"(42449580, 42449582)"	2.508
"(42450341, 42455643)"	5.81
"(42451332, 371188756)"	7.139
"(42452598, 42457728)"	2.159
"(42453005, 561042201)"	3.102
"(42453604, 42455039)"	3.998
"(42455083, 42455175)"	2.739
"(42457476, 596775882)"	4.645
"(42461379, 248606828)"	0.922
"(42461379, 588036479)"	2.208
"(42464200, 1895628122)"	0.82
"(42467155, 42472371)"	1.0
"(42467266, 42475579)"	1.72
"(42467456, 42474993)"	1.0
"(42467831, 42529162)"	1.355
"(42467848, 42535541)"	4.021
"(42469253, 42491599)"	2.208
"(42472683, 42502920)"	0.82
"(42473603, 42478446)"	1.0
"(42474983, 42474987)"	1.0
"(42475034, 42475041)"	1.0
"(42475589, 42475594)"	1.72
"(42476565, 42476576)"	0.82
"(42476732, 42485646)"	0.922
"(42478160, 598227836)"	1.781
"(42486357, 1372888770)"	1.72
"(42486357, 4708375542)"	1.72
"(42497116, 42536666)"	1.0
"(42497588, 597844758)"	0.922
"(42497596, 42497598)"	0.922
"(42502230, 42513515)"	1.0
"(42502957, 42513654)"	1.355
"(42505086, 42518909)"	1.0
"(42512428, 42517221)"	1.0
"(42533974, 598043776)"	0.922
"(42724759, 471242350)"	0.775
"(42725658, 2408357235)"	1.001
"(42728921, 529062409)"	0.775
"(42728921, 595790192)"	0.775
"(42733852, 42735731)"	1.001
"(42736277, 42736282)"	1.001
"(42736293, 42736299)"	1.001
"(42736299, 42736301)"	1.001
"(42736336, 42736338)"	1.001
"(42736340, 2408357240)"	1.001
"(42742618, 42764810)"	1.001
"(42760015, 5214547508)"	0.775
"(42778520, 595793816)"	0.775
"(427840965, 3480679963)"	2.442
"(42788656, 42912455)"	0.745
"(42796462, 482663674)"	2.591
"(42800665, 42885604)"	1.0
"(42801471, 6202706307)"	0.745
"(42801971, 42885621)"	1.0
"(42803485, 1934654570)"	1.483
"(42803485, 42927035)"	1.483
"(42803506, 42828187)"	0.745
"(42803578, 277032406)"	2.591
"(42815780, 42825868)"	2.486
"(42815785, 42815790)"	2.486
"(42818661, 42863753)"	1.0
"(42818661, 42885621)"	1.0
"(42819686, 5421246266)"	1.483
"(42820347, 42855662)"	1.0
"(42821282, 276233404)"	1.257
"(42822513, 42822517)"	0.745
"(42825301, 597311311)"	0.82
"(42825304, 42825306)"	0.82
"(42825317, 597414628)"	0.82
"(42827837, 42870312)"	1.257
"(42828174, 3324555377)"	0.745
"(42831859, 42843597)"	1.676
"(42838389, 42838415)"	2.486
"(42839079, 1072019970)"	1.257
"(42841803, 42910587)"	1.771
"(42843568, 6270490619)"	1.676
"(42843568, 6397746196)"	1.676
"(42845788, 3324555379)"	0.745
"(42846773, 42870299)"	1.257
"(42853348, 42903445)"		0.745
"(42853348, 5396265654)"	0.745
"(42855342, 42870244)"	1.257
"(42855662, 42885588)"	1.0
"(42864880, 42899921)"	2.591
"(42866362, 3785676225)"	1.257
"(42869485, 42912435)"	0.745
"(42870249, 42870250)"	1.257
"(42870288, 42870291)"	1.257
"(42870291, 276233422)"	1.257
"(4288677093, 6177439759)"	3.737
"(42886773, 42912447)"	0.745
"(42887777, 42898298)"	0.745
"(42891268, 42931283)"	0.745
"(42910579, 597443933)"	1.771
"(4347550074, 4557482266)"	6.922
"(4597668033, 4597668044)"	2.259
"(481250072, 481250111)"	2.591
"(482608681, 3046713362)"	2.591
"(482615977, 482620177)"	2.228
"(482617539, 2087152374)"	1.483
"(482620177, 2802726400)"	2.228
"(482640611, 482640620)"	0.745
"(482640620, 482640648)"	0.745
"(5421246251, 5421246257)"	1.483
"(561035335, 627905367)"	1.325
"(561035349, 561035350)"	1.325
"(561035359, 561035360)"	1.325
"(561042195, 3639382768)"	5.825
"(5676585286, 5676585288)"	0.995
"(588152450, 598660657)"	1.0
"(595314104, 1061531717)"	1.325
"(596775870, 596775876)"	4.645
"(597294492, 597294520)"	1.257
"(598629655, 4486120077)"	1.0
"(598633359, 4486120077)"	1.0
"(599041312, 599047121)"	1.0
"(599047121, 599155224)"	1.0
"(60927825, 595441960)"	0.953
"(61271527, 61272997)"	0.922
"(6223571521, 6223571523)"	0.975
"(62915509, 62915527)"	4.602
"(100662028, 5676585288)"	0.995
"(106133084, 482536836)"	0.82
"(1061531550, 1061531683)"	1.325
"(1061531597, 1061531608)"	1.325
"(1061531637, 1061531810)"	1.325
"(1061531682, 1061531768)"	1.325
"(1061531790, 1061531847)"	1.325
"(106230397, 106602276)"	0.745
"(106599704, 6202834872)"	0.745
"(1372888639, 1372888911)"	2.208
"(1506591536, 6223571521)"	0.975
"(1773084402, 1773121034)"	2.528
"(1825841700, 1825841743)"	13.75
"(1825841700, 1825841754)"	8.084
"(2141026516, 2141026522)"	1.001
"(2141026516, 5916527828)"	1.001
"(246649427, 402480678)"	0.922
"(276061379, 482640611)"	0.745
"(277482762, 5676585286)"	0.995
"(277743735, 599044263)"	1.0
"(3099326128, 3099327962)"	0.995
"(3099327950, 3099327966)"	0.995
"(3425083854, 4205375731)"	1.72
"(3630219668, 5079840929)"	1.355
"(3785532382, 6289180298)"	1.494
"(4202609198, 4593135567)"	2.345
"(4202908174, 4321748238)"	1.366
"(42421728, 42435337)"	1.001
"(42421800, 42424851)"	2.223
"(42421803, 42437300)"	4.498
"(42421806, 42437305)"	1.514
"(42421806, 42442475)"	1.514
"(42421809, 42428670)"	0.975
"(42421877, 42421889)"	2.282
"(42421877, 42437949)"	2.508
"(42421889, 42430237)"	2.658
"(42422399, 42423331)"	0.953
"(42423203, 42443116)"	0.995
"(42423674, 42430394)"	8.247
"(42423752, 42442963)"	7.139
"(42423885, 42446504)"	3.74
"(42424823, 587934172)"	0.953
"(42424823, 60928432)"	0.953
"(42427316, 42440815)"	4.507
"(42427324, 42427327)"	4.507
"(42427327, 42430041)"	4.507
"(42427393, 4872623863)"	6.772
"(42427494, 246580736)"	6.772
"(42427805, 42438547)"	2.686
"(42427828, 42437699)"	4.602
"(42427915, 42433564)"	1.222
"(42427968, 42427970)"	3.354
"(42428012, 42439567)"	2.039
"(42428014, 42428015)"	3.284
"(42428024, 42428027)"	1.494
"(42428179, 42428183)"	2.56
"(42428272, 42428277)"	9.279
"(42428277, 42428283)"	9.279
"(42428458, 42431165)"	4.254
"(42428458, 42440545)"	4.254
"(42428524, 42431877)"	2.208
"(42428604, 42428610)"	0.975
"(42428640, 42428643)"	0.975
"(42428678, 42428682)"	0.975
"(42428709, 42428711)"	0.975
"(42428725, 42428728)"	0.975
"(42428782, 42428790)"	0.975
"(42428833, 470209120)"	0.975
"(42428844, 1506591534)"	0.975
"(42428869, 42428873)"	0.975
"(42428876, 42428880)"	0.975
"(42428913, 42428914)"	0.975
"(42428941, 42428944)"	0.975
"(42429338, 42450030)"	3.545
"(42429373, 42439070)"	2.282
"(42429374, 42430249)"	2.658
"(42429685, 42429688)"	2.039
"(42429688, 42447076)"	1.344
"(42429693, 42429694)"	2.039
"(42429752, 1773076511)"	3.165
"(42429766, 42429769)"	0.82
"(42429980, 42431656)"	3.737
"(42430041, 42430044)"	0.82
"(42430056, 42454691)"	5.237
"(42430235, 42433282)"	2.159
"(42430237, 42432191)"	2.096
"(42430342, 42443556)"	3.567
"(42430367, 42436700)"	2.431
"(42430394, 4347534767)"	6.922
"(42430688, 42455761)"	3.301
"(42430914, 42449023)"	3.998
"(42431611, 42431614)"	0.922
"(42431652, 42455666)"	7.512
"(42431680, 42437436)"	2.515
"(42432099, 486867513)"	0.905
"(42432205, 42432208)"	2.096
"(42432451, 42449942)"	1.222
"(42432564, 42442445)"	1.514
"(42432585, 42439996)"	5.154
"(42432589, 42435680)"	5.054
"(42432594, 42440163)"	18.99
"(42432598, 42440170)"	5.81
"(42432679, 42448578)"	2.208
"(42432889, 2141026506)"	0.995
"(42433252, 42442549)"	1.514
"(42433261, 42436856)"	2.282
"(42433545, 42457821)"	0.905
"(42433565, 42437300)"	4.498
"(42433611, 42439960)"	6.794
"(42433620, 42435650)"	1.753
"(42434074, 42444043)"	1.222
"(42434156, 42435312)"	2.223
"(42434161, 42438052)"	1.366
"(42434196, 42434197)"	1.222
"(42434205, 42444827)"	1.222
"(42434249, 42435865)"	1.001
"(42434412, 42456888)"	11.293
"(42434954, 42446941)"	4.125
"(42435266, 42435269)"	2.28
"(42435319, 42435323)"	2.223
"(42435343, 42435346)"	1.001
"(42435596, 42439823)"	2.121
"(42435644, 42437663)"	5.056
"(42435645, 42435646)"	1.753
"(42435684, 42435687)"	3.925
"(42435710, 42440960)"	2.442
"(42435743, 42435746)"	3.493
"(42435761, 42446775)"	0.995
"(42435794, 6431058183)"	2.515
"(42435869, 42435873)"	1.001
"(42436336, 42445702)"	1.781
"(42436396, 4207862997)"	2.176
"(42436477, 42438791)"	2.444
"(42436486, 42445236)"	2.515
"(42436641, 42436644)"	2.5
"(42436644, 42445823)"	2.5
"(42436703, 596775900)"	2.431
"(42436788, 42439533)"	3.542
"(42436913, 42446016)"	1.222
"(42436919, 42436921)"	2.454
"(42436919, 42446472)"	5.617
"(42436921, 42436922)"	2.454
"(42436943, 42446547)"	2.236
"(42436985, 42443373)"	1.497
"(42437021, 4597668036)"	2.163
"(42437067, 42437071)"	0.905
"(42437078, 42437082)"	0.905
"(42437425, 596775973)"	2.374
"(42437433, 42437436)"	1.222
"(42437644, 42445365)"	8.642
"(42438476, 278609760)"	0.905
"(42438503, 42450025)"	5.335
"(42438906, 42442128)"	0.995
"(42439099, 42453472)"	3.536
"(42439181, 42455887)"	2.236
"(42439203, 42453310)"	5.123
"(42439542, 1692433941)"	2.739
"(42439927, 2141026522)"	1.001
"(42439927, 42443574)"	1.001
"(42439952, 42439955)"	6.794
"(42439968, 42439972)"	6.794
"(42439981, 42439984)"	10.237
"(42440453, 42445930)"	1.222
"(42440785, 42445617)"	0.905
"(42440934, 42445039)"	1.497
"(42441521, 42441526)"	1.366
"(42442422, 1061531448)"	1.514
"(42442502, 42442514)"	1.514
"(42442542, 1061531504)"	0.995
"(42442552, 42442555)"	1.514
"(42443298, 4235734223)"	2.771
"(42443298, 42449017)"	2.771
"(42443326, 42443329)"	4.498
"(42443349, 42443353)"	3.241
"(42443403, 42443406)"	2.492
"(42443613, 42443614)"	3.301
"(42444452, 42444453)"	0.995
"(42444453, 596776654)"	0.995
"(42444456, 42444457)"	0.995
"(42445018, 42445020)"	5.426
"(42445215, 3099327957)"	0.995
"(42445404, 42445896)"	1.222
"(42445498, 42445505)"	2.163
"(42445543, 42445548)"	2.163
"(42445885, 42445888)"	2.952
"(42445896, 42445899)"	1.222
"(42445914, 561042198)"	3.567
"(42445916, 42445917)"	9.865
"(42446013, 42446016)"	1.222
"(42446466, 42447084)"	1.344
"(42446472, 42450009)"	3.827
"(42446547, 42454994)"	2.236
"(42447009, 42448317)"	2.998
"(42447166, 42450044)"	1.494
"(42449314, 42449928)"	1.222
"(42452613, 42453457)"	3.536
"(42452613, 42453468)"	3.536
"(42453442, 591454081)"	1.366
"(42453604, 42453607)"	1.355
"(42455039, 1919595929)"	1.863
"(42464409, 42474056)"	1.676
"(42464631, 597844596)"	2.208
"(42467848, 42502968)"	1.676
"(42469253, 42491608)"	2.208
"(42474795, 4205375731)"	1.72
"(42474828, 42474829)"	1.72
"(42474829, 42474831)"	1.72
"(42474831, 42474832)"	1.72
"(42474970, 42474971)"	1.0
"(42474970, 42478450)"	1.0
"(42475031, 42475034)"	1.0
"(42475584, 42475589)"	1.72
"(42476576, 42476580)"	0.82
"(42476614, 598031726)"	0.82
"(42478446, 42478450)"	1.0
"(42479281, 42509213)"	2.684
"(42480088, 486871373)"	2.345
"(42482469, 42492546)"	2.684
"(42484136, 5330321642)"	1.676
"(42488301, 4202609198)"	2.345
"(42488696, 42526753)"	1.781
"(42491152, 42529162)"	1.355
"(42491468, 42491478)"	1.676
"(42491569, 4482239795)"	1.72
"(42491589, 2312641459)"	2.208
"(42491592, 2312641459)"	2.208
"(42491592, 42491599)"	2.208
"(42492415, 278632503)"	2.208
"(42493596, 42515206)"	1.72
"(42497607, 42502656)"	0.922
"(42503719, 42511287)"	1.0
"(42509216, 42509228)"	2.684
"(42517603, 2842884234)"	0.922
"(42518909, 42530139)"	1.0
"(42520569, 42527635)"	1.355
"(42520579, 42527647)"	4.021
"(42531876, 4209420712)"	1.355
"(42733437, 42736268)"	1.001
"(42736029, 42736033)"	1.001
"(42736319, 42736323)"	1.001
"(42736365, 42736368)"	1.001
"(42736703, 42764819)"	1.001
"(42742613, 42742618)"	1.001
"(42760015, 5214547509)"	0.775
"(427842069, 3480679963)"	2.442
"(42787927, 598643969)"	1.0
"(42797788, 276313892)"	0.82
"(42800986, 597443989)"	1.771
"(42802052, 42887230)"	1.0
"(42803578, 42846208)"	1.771
"(42804163, 42911549)"	0.745
"(42805425, 42857014)"	1.0
"(42807843, 588178907)"	1.257
"(42811352, 42855102)"	2.228
"(42815840, 42841778)"	1.741
"(42819599, 42870230)"	1.257
"(42820347, 528909156)"	1.0
"(42820836, 593300815)"	1.257
"(42822530, 42822537)"	0.745
"(42822537, 42862938)"	0.745
"(42824386, 42870371)"	1.257
"(42825301, 42825302)"	0.82
"(42825308, 597294481)"	0.82
"(42825316, 42825317)"	0.82
"(42825865, 42825868)"	2.486
"(42828174, 42828177)"	0.745
"(42838389, 42892937)"	2.486
"(42843582, 42843585)"	1.676
"(42843597, 42843608)"	1.676
"(42845872, 42920473)"	1.741
"(42846760, 42910631)"	1.771
"(42853768, 42853798)"	0.745
"(42856804, 42874544)"	2.228
"(42858623, 42858626)"	0.745
"(42864789, 42870329)"	1.257
"(42865836, 2433000850)"	1.771
"(42866632, 42897727)"	1.771
"(42868615, 42885572)"	1.0
"(428702550, 42870253)"	1.257
"(42870277, 5328215082)"	1.257
"(42870335, 42870338)"	1.257
"(42879504, 42910642)"	1.771
"(42880951, 274417836)"	2.228
"(42885663, 42885673)"	1.0
"(42885757, 2844853151)"	1.257
"(42886773, 42886862)"	0.745
"(42890558, 42899428)"	0.745
"(42890558, 42905363)"	0.745
"(42894850, 42899014)"	0.745
"(42906557, 42917989)"	0.745
"(42910587, 42910593)"	1.771
"(42912430, 42912435)"	0.745
"(4347534767, 6188803960)"	8.47
"(4482239795, 4705971225)"	1.72
"(449658617, 5882645201)"	1.781
"(449658637, 3574648567)"	1.781
"(4597668040, 4597668041)"	2.259
"(470209120, 6223571523)"	0.975
"(479847987, 1893285374)"	2.175
"(481250022, 3046713362)"	2.591
"(482608681, 6123976909)"	2.591
"(482617545, 482640649)"	0.745
"(486849239, 486859031)"	2.175
"(486849239, 5079840928)"	2.175
"(486859031, 486872598)"	2.175
"(486867459, 486867513)"	2.345
"(486867513, 486867534)"	2.345
"(486868830, 486868873)"	0.82
"(5004570627, 5004570651)"	1.366
"(5421246265, 5421246266)"	1.483
"(561042188, 561042190)"	2.259
"(588036479, 598043783)"	2.208
"(595776466, 595786219)"	1.001
"(596775840, 3639382767)"	2.259
"(598629578, 598629607)"	1.0
"(6080716715, 6198689520)"	3.012
"(60927836, 60927837)"	0.953
"(60927837, 60929261)"	0.953
"(61271722, 61273004)"	4.602
"(61273004, 61275380)"	4.602
"(61275600, 61275605)"	4.602
"(1061531429, 1061531777)"	1.325
"(1061531447, 1061531685)"	1.325
"(1061531593, 1061531847)"	1.325
"(1061531654, 1061531717)"	1.325
"(1260335125, 1260335220)"	1.0
"(1260335125, 1260335275)"	1.0
"(1506445808, 3579432156)"	1.325
"(1692483461, 1893285374)"	2.175
"(1773084405, 1773084407)"	2.159
"(1773121034, 4015190382)"	2.528
"(1916621953, 2912071072)"	1.001
"(2408421484, 6218794943)"	3.012
"(246650510, 4899886584)"	0.922
"(246858433, 373880031)"	1.781
"(246858445, 4207143418)"	1.781
"(274415687, 1934654570)"	1.483
"(274420084, 2447752433)"	0.745
"(274420286, 2447752440)"	0.745
"(276299284, 276313878)"	0.82
"(276313878, 276313892)"	0.82
"(280638198, 280638550)"	0.745
"(2844853157, 2844853159)"	1.257
"(3533937800, 4682935365)"	4.602
"(3567807957, 4778174564)"	1.781
"(3574731739, 5882645201)"	1.781
"(4059058475, 4059058477)"	1.0
"(42421745, 42428760)"	0.975
"(42421772, 42442469)"	1.514
"(42421775, 42428653)"	0.975
"(42421857, 1506591534)"	0.975
"(42421889, 42430241)"	2.658
"(42421889, 42432191)"	2.282
"(42421972, 42421974)"	4.108
"(42421985, 42430981)"	4.509
"(42422000, 42438045)"	1.514
"(42424025, 6289180298)"	1.494
"(42424089, 371037237)"	2.998
"(42425232, 42431293)"	1.494
"(42427319, 42427322)"	4.507
"(42427371, 42430265)"	2.121
"(42427381, 5849918502)"	1.753
"(42427968, 42451332)"	7.139
"(42427970, 42427972)"	3.354
"(42428003, 42428005)"	3.284
"(42428010, 42428012)"	3.284
"(42428032, 42428034)"	1.494
"(42428043, 42428045)"	1.494
"(42428047, 42428049)"	1.494
"(42428061, 42438859)"	6.778
"(42428061, 42443347)"	6.778
"(42428283, 42430329)"	1.711
"(42428297, 42439990)"	10.237
"(42428310, 42440004)"	23.867
"(42428480, 42430872)"	2.56
"(42428610, 1061531448)"	0.975
"(42428716, 1061531504)"	0.995
"(42428728, 42428737)"	0.975
"(42428737, 42428742)"	0.975
"(42428858, 42428863)"	0.975
"(42428917, 42428919)"	0.975
"(42428958, 595352904)"	0.975
"(42428961, 595352904)"	0.975
"(42429338, 42450028)"	3.545
"(42429374, 42430253)"	2.658
"(42429536, 42429538)"	1.514
"(42429538, 42435825)"	2.515
"(42429659, 42430259)"	2.121
"(42429661, 42439275)"	2.686
"(42429682, 42445994)"	2.444
"(42429762, 486867490)"	2.345
"(42429773, 42437084)"	0.905
"(42429876, 42445885)"	1.73
"(42429876, 4597668032)"	2.121
"(42429974, 42431652)"	7.512
"(42430030, 42430034)"	3.165
"(42430034, 42430038)"	3.165
"(42430044, 42432165)"	0.82
"(42430233, 42430235)"	4.254
"(42430255, 42430257)"	2.121
"(42430265, 42430269)"	3.851
"(42430271, 42437881)"	3.851
"(42430308, 42430311)"	2.493
"(42430361, 42430363)"	3.301
"(42430811, 4320028826)"	0.975
"(42430981, 42430983)"	4.509
"(42431094, 42431096)"	0.995
"(42431165, 42445520)"	2.163
"(42431517, 42431519)"	2.176
"(42431517, 4321748237)"	2.176
"(42431556, 42435710)"	15.968
"(42431560, 42445037)"	2.984
"(42431680, 42449991)"	2.515
"(42431875, 42437536)"	2.208
"(42432066, 42432068)"	1.863
"(42432075, 1919595921)"	1.355
"(42432075, 3670609093)"	0.905
"(42432156, 42449570)"	0.82
"(42432444, 561042201)"	3.102
"(42432598, 42443534)"	5.81
"(42432703, 42443561)"	2.442
"(42432818, 42432825)"	1.325
"(42432825, 42443612)"	1.222
"(42433252, 42442542)"	1.514
"(42433564, 42435308)"	1.222
"(42433785, 42435860)"	1.001
"(42434113, 42435837)"	1.001
"(42434140, 42443296)"	1.222
"(42434215, 42444829)"	3.998
"(42434413, 42436192)"	11.293
"(42434946, 42437644)"	13.796
"(42434948, 42445908)"	9.865
"(42434951, 42458333)"	3.102
"(42435333, 42435335)"	1.001
"(42435422, 42439440)"	2.686
"(42435657, 42435660)"	1.753
"(42435716, 1825841700)"	5.666
"(42435736, 4016646214)"	1.001
"(42435736, 42435743)"	3.493
"(42435746, 42437218)"	1.514
"(42435803, 42435805)"	2.515
"(42435850, 42435852)"	1.001
"(42435861, 42435863)"	1.001
"(42436056, 4207143418)"	1.781
"(42436155, 42436427)"	2.096
"(42436187, 42436192)"	11.293
"(42436404, 4207862998)"	2.176
"(42436484, 42436486)"	1.548
"(42436519, 6177439759)"	3.737
"(42436705, 42436707)"	2.431
"(42436707, 42449963)"	3.919
"(42436714, 42452882)"	2.431
"(42436748, 42445409)"	1.373
"(42436796, 42452396)"	2.739
"(42436903, 42452008)"	1.366
"(42437333, 1773084405)"	2.528
"(42437333, 42437339)"	2.528
"(42437371, 42455751)"	3.74
"(42437379, 247085867)"	0.922
"(42437379, 42453548)"	0.922
"(42437423, 42437425)"	2.374
"(42437436, 42447235)"	3.737
"(42437654, 4461990857)"	6.794
"(42437845, 42438301)"	2.319
"(42438503, 42450015)"	5.335
"(42438798, 42439559)"	1.344
"(42439236, 42445534)"	7.914
"(42439249, 4015190382)"	2.528
"(42439249, 42445543)"	5.751
"(42439395, 42448216)"	1.753
"(42439395, 42452954)"	1.753
"(42439403, 42448238)"	5.335
"(42439409, 42448254)"	1.312
"(42439409, 42452956)"	1.312
"(42440163, 42445025)"	18.99
"(42440323, 42448693)"	2.595
"(42440323, 42453310)"	5.123
"(42440453, 42445928)"	1.222
"(42440463, 42449961)"	3.919
"(42440532, 42453442)"	1.366
"(42440935, 1241742743)"	1.514
"(42440935, 42450341)"	3.74
"(42442451, 42442459)"	1.514
"(42442557, 42442559)"	1.514
"(42442977, 42449985)"	3.354
"(42443066, 42443068)"	2.5
"(42443388, 42443403)"	2.492
"(42443532, 42443534)"	3.301
"(42443534, 42452365)"	9.111
"(42443615, 42448379)"	3.919
"(42444051, 42449948)"	2.595
"(42445365, 42445903)"	1.222
"(42445404, 4597668033)"	1.73
"(42445548, 595407648)"	2.163
"(42445651, 42445914)"	9.865
"(42445653, 42453986)"	3.102
"(42445740, 42450030)"	3.545
"(42445917, 42445920)"	9.865
"(42445930, 42446353)"	3.301
"(42445950, 6188803960)"	8.47
"(42446086, 42446093)"	1.494
"(42446386, 42453564)"	0.922
"(42446461, 42454691)"	3.925
"(42446668, 42451695)"	1.728
"(42446733, 5838916777)"	1.514
"(42446941, 42458333)"	4.125
"(42447105, 42450015)"	3.516
"(42447105, 42459137)"	2.172
"(42447166, 42457660)"	1.494
"(42448549, 1692433938)"	1.781
"(42448735, 42450035)"	3.545
"(42449308, 42456568)"	3.102
"(42449683, 42458333)"	3.102
"(42449945, 42449947)"	4.324
"(42450352, 247123651)"	4.602
"(42451604, 42455039)"	2.159
"(42452008, 591454081)"	1.366
"(42453166, 42455867)"	1.355
"(42455694, 596776027)"	1.222
"(42457476, 596775840)"	4.645
"(42457728, 4320028826)"	2.159
"(42461394, 2842884234)"	0.922
"(42464273, 598033037)"	0.82
"(42464848, 42491589)"	2.208
"(42466405, 42476651)"	0.82
"(42467266, 42475584)"	1.72
"(42467466, 42474828)"	1.72
"(42468359, 42478536)"	1.0
"(42468495, 42513515)"	1.0
"(42471651, 42514792)"	1.0
"(42473565, 1260335275)"	1.0
"(42473565, 42473569)"	1.0
"(42474056, 42494193)"	1.676
"(42474834, 1259822852)"	1.72
"(42474974, 42474976)"	1.0
"(42475041, 1260335265)"	1.0
"(42475559, 42475560)"	1.72
"(42476656, 42476663)"	0.82
"(42476732, 42533974)"	0.922
"(42482417, 1893285378)"	0.82
"(42482469, 42509232)"	2.684
"(42483596, 42483602)"	1.781
"(42483596, 42528763)"	1.781
"(42483607, 42488398)"	1.781
"(42484224, 1275778461)"	1.676
"(42486365, 544352667)"	1.72
"(42488301, 42531876)"	2.345
"(42491173, 42535541)"	4.021
"(42492415, 598043783)"	2.208
"(42492546, 42509239)"	2.684
"(42494193, 42513634)"	1.676
"(42495624, 42511287)"	1.0
"(42502968, 42513634)"	1.676
"(42503966, 42515419)"	1.0
"(42517603, 598043775)"	0.922
"(42520377, 42527806)"	2.684
"(42725739, 595776466)"	1.001
"(42736005, 2912071078)"	1.001
"(42736037, 42736040)"	1.001
"(42736338, 2408357241)"	1.001
"(42736361, 42736365)"	1.001
"(427840965, 427841023)"	2.442
"(42787927, 1942055389)"	1.0
"(42787935, 42795046)"	1.0
"(42788005, 588175752)"	2.228
"(42788656, 42855422)"	0.745
"(42792794, 274420757)"	2.228
"(42801471, 106230397)"	0.745
"(42803506, 42828181)"	0.745
"(42805172, 598668928)"	1.0
"(42805425, 42885689)"	1.0
"(42815805, 42815807)"	2.486
"(42821282, 42870297)"	1.257
"(42822501, 5606446476)"	0.745
"(42822504, 42822506)"	0.745
"(42822522, 42822524)"	0.745
"(42824172, 42883005)"	1.741
"(42824386, 42850880)"	1.257
"(42824661, 42885673)"	1.0
"(42824765, 42912417)"	0.745
"(42826496, 42905706)"	0.745
"(42826496, 42912430)"	0.745
"(42827392, 42870273)"	1.257
"(42827837, 42846164)"	1.257
"(42831688, 42870371)"	1.257
"(42833276, 5104280319)"	1.771
"(42834180, 42896944)"	0.82
"(42838389, 42932492)"	1.741
"(42838557, 1064257403)"	2.268
"(42838557, 42874205)"	2.268
"(42841708, 42912455)"	0.745
"(42843573, 6270490619)"	1.676
"(42846565, 5396265677)"	0.745
"(42855422, 42901068)"	0.745
"(42859218, 42870338)"	1.257
"(42862938, 42899428)"	0.745
"(42863268, 42874736)"	0.745
"(42866632, 42910579)"	1.771
"(42870253, 42870273)""	1.257
"(42870355, 42870366)"	1.257
"(42870459, 274413219)"	1.483
"(42876635, 42931101)"	1.483
"(42876795, 42926409)"	1.741
"(42885588, 598668877)"	1.0
"(42885600, 42885602)"	1.0
"(42885757, 2844853152)"	1.257
"(42901068, 42901141)"	0.745
"(42912471, 42912475)"	0.745
"(42920204, 274413219)"	1.483
"(42932884, 42932888)"	1.741
"(4491359481, 4785165288)"	7.498
"(4597668039, 4597668040)"	2.259
"(476025020, 1895628122)"	0.82
"(4779073677, 4779073679)"	1.494
"(561035333, 1506445808)"	1.325
"(595245859, 595245925)"	2.319
"(595245920, 1672106385)"	2.319
"(596775867, 596775870)"	4.645
"(596775900, 596775919)"	4.645
"(598633350, 598633358)"	1.0
"(598633352, 598643975)"	1.0
"(598643969, 598643972)"	1.0
"(599041302, 599044330)"	1.0
"(599041312, 599041381)"	1.0
"(599044264, 599044330)"	1.0
"(6223571522, 6223571524)"	1.325
"(62915514, 62915527)"	4.602
"(62915516, 62915536)"	4.602
"(62915525, 62915549)"	4.602
"(100522741, 596775840)"	2.387
"(106110474, 597444035)"	0.82
"(1061531454, 1061531525)"	1.325
"(1061531597, 1996323622)"	1.325
"(1061531603, 1061531637)"	1.325
"(1275778479, 5330321649)"	1.676
"(1506599377, 1506599378)"	1.325
"(1692433938, 1692433939)"	1.781
"(246579597, 246580736)"	6.772
"(246858448, 246858449)"	1.781
"(246889362, 246889572)"	0.922
"(274415687, 1934654568)"	1.483
"(2844853150, 2844853151)"	1.257
"(2844853154, 2844853155)"	1.257
"(3639382767, 3639382768)"	2.259
"(42421800, 42421803)"	1.001
"(42421803, 42443349)"	4.242
"(42421965, 3790255302)"	0.905
"(42421972, 42428570)"	8.084
"(42421985, 2061592973)"	2.226
"(42421993, 42431447)"	2.223
"(42423070, 595295501)"	1.366
"(42423170, 42423203)"	0.995
"(42424427, 42435264)"	2.374
"(42424439, 42443381)"	1.222
"(42424703, 764744759)"	0.922
"(42427764, 42430390)"	2.039
"(42427915, 42440397)"	1.222
"(42427985, 42427991)"	3.284
"(42427991, 42427996)"	3.284
"(42428015, 42428016)"	1.494
"(42428065, 42428648)"	0.975
"(42428174, 42428179)"	2.56
"(42428201, 42445867)"	3.851
"(42428258, 42430311)"	9.279
"(42428268, 42428272)"	9.279
"(42428283, 42439972)"	1.711
"(42428308, 42435684)"	3.301
"(42428312, 42428313)"	5.083
"(42428315, 42428321)"	5.083
"(42428332, 1825841743)"	5.083
"(42428460, 42445534)"	2.739
"(42428489, 42428491)"	2.56
"(42428588, 42428590)"	0.975
"(42428588, 42443313)"	1.497
"(42428601, 42428604)"	0.975
"(42428634, 42428637)"	0.975
"(42428645, 42428648)"	0.975
"(42428657, 42428661)"	0.975
"(42428689, 42428695)"	0.975
"(42428711, 42428714)"	0.975
"(42428716, 42428720)"	0.975
"(42428770, 42428782)"	0.975
"(42428844, 1506591536)"	0.975
"(42428880, 42428892)"	0.975
"(42428912, 561035351)"	0.975
"(42428931, 42428934)"	0.975
"(42428947, 42428951)"	0.975
"(42428953, 42428956)"	0.975
"(42428961, 42428962)"	0.975
"(42429375, 42439823)"	0.975
"(42429536, 2141026534)"	1.514
"(42429538, 42434113)"	1.001
"(42429659, 42430263)"	2.121
"(42429661, 42439834)"	2.686
"(42429685, 42455694)"	7.512
"(42429688, 42429690)"	2.039
"(42429752, 42430030)"	3.165
"(42429754, 1773076511)"	2.345
"(42429888, 42456555)"	2.595
"(42429888, 4597668032)"	2.121
"(42430056, 42439557)"	5.237
"(42430253, 42440710)"	2.658
"(42430314, 42430317)"	2.493
"(42430324, 42430329)"	1.711
"(42430371, 42450426)"	2.387
"(42430749, 2061592973)"	2.226
"(42430761, 42436968)"	0.975
"(42430782, 42431524)"	2.176
"(42430828, 42432201)"	2.096
"(42430872, 42453104)"	8.684
"(42430914, 42430924)"	4.796
"(42431273, 42431528)"	2.176
"(42431273, 42431531)"	2.176
"(42431452, 42440721)"	5.913
"(42431470, 42439323)"	2.236
"(42431678, 42447076)"	1.344
"(42431789, 5837088105)"	2.282
"(42431877, 42431889)"	3.219
"(42432438, 42445914)"	9.865
"(42432659, 2141026518)"	0.775
"(42432679, 42437536)"	2.208
"(42432856, 42443615)"	3.919
"(42432889, 42446775)"	0.995
"(42433261, 42433286)"	2.282
"(42433261, 4679523598)"	2.159
"(42433292, 42449582)"	2.508
"(42433625, 4491359481)"	7.498
"(42433785, 42435858)"	1.001
"(42434158, 42438043)"	3.241
"(42434158, 42443353)"	3.241
"(42434246, 2141026518)"	0.775
"(42434270, 42437890)"	2.686
"(42434271, 4205565533)"	1.753
"(42434845, 3567807957)"	1.781
"(42434948, 42445365)"	9.865
"(42435264, 247223720)"	2.374
"(42435275, 42443336)"	2.28
"(42435316, 42435317)"	2.223
"(42435598, 42435599)"	4.853
"(42435642, 4443775465)"	1.753
"(42435646, 42435650)"	1.753
"(42435663, 42437363)"	4.125
"(42435671, 5849918504)"	1.753
"(42435687, 42445025)"	13.564
"(42435755, 42435761)"	5.007
"(42435775, 4708064890)"	4.011
"(42435785, 6431058183)"	2.515
"(42435805, 4888388399)"	2.515
"(42436129, 42436894)"	2.17
"(42436439, 42444897)"	1.753
"(42436484, 42445232)"	1.344
"(42436511, 42445961)"	1.222
"(42436514, 42459114)"	7.512
"(42436701, 596775900)"	2.431
"(42436746, 42445404)"	2.952
"(42436746, 42445888)"	2.952
"(42436793, 42440553)"	4.254
"(42436894, 42436899)"	2.17
"(42436913, 42446021)"	1.222
"(42436939, 42446528)"	8.684
"(42437074, 3630219668)"	1.355
"(42437358, 42454428)"	3.567
"(42437472, 42444123)"	0.905
"(42437678, 42448996)"	4.602
"(42437916, 42437917)"	2.492
"(42438300, 42438301)"	2.319
"(42438702, 42442128)"	0.995
"(42438702, 42444452)"	0.995
"(42438800, 42439561)"	2.515
"(42438859, 42443346)"	6.778
"(42439323, 42446889)"	2.236
"(42439440, 4461990857)"	2.686
"(42439533, 42448549)"	3.542
"(42439826, 42439830)"	0.975
"(42440001, 42440004)"	5.154
"(42440004, 42440009)"	18.719
"(42440012, 42440015)"	18.719
"(42440170, 42454042)"	5.81
"(42440973, 61273001)"	0.922
"(42441310, 42441382)"	1.366
"(42442123, 3858909357)"	0.995
"(42442528, 42442534)"	1.514
"(42442534, 42442542)"	1.514
"(42442559, 42442561)"	1.514
"(42442565, 42443413)"	1.514
"(42442857, 4235734223)"	2.771
"(42443054, 42450044)"	1.494
"(42443320, 1061531707)"	1.325
"(42443341, 42443344)"	6.778
"(42443363, 42443366)"	1.497
"(42443373, 42443381)"	1.497
"(42443549, 593854257)"	0.922
"(42443612, 42445941)"	4.524
"(42443613, 596775951)"	3.301
"(42443614, 42443615)"	3.301
"(42443677, 246579597)"	6.772
"(42443680, 42446701)"	5.154
"(42443844, 42456492)"	2.208
"(42444043, 42445920)"	1.222
"(42444457, 42444458)"	0.995
"(42444817, 42450035)"	3.545
"(42445378, 42449928)"	1.222
"(42445413, 42449926)"	15.501
"(42445558, 595407648)"	6.521
"(42445574, 4616536351)"	2.756
"(42445769, 402475097)"	5.819
"(42445914, 42446488)"	3.567
"(42446363, 42454042)"	5.81
"(42446942, 42446945)"	3.567
"(42447126, 42448216)"	2.643
"(42448440, 3212472978)"	0.905
"(42448552, 1692433920)"	2.508
"(42448568, 42448570)"	1.366
"(42448583, 6262915547)"	2.208
"(42449550, 42450434)"	5.81
"(42449683, 42453986)"	3.102
"(42453158, 42455175)"	2.739
"(42453175, 42455051)"	3.998
"(42453601, 42453604)"	3.882
"(42454994, 42454997)"	2.236
"(42455039, 4478001045)"	2.159
"(42455051, 42455867)"	2.739
"(42457821, 5706568658)"	0.905
"(42460694, 2806745705)"	1.72
"(42463268, 1692483438)"	2.345
"(42464631, 42491582)"	2.208
"(42467155, 42468359)"	1.0
"(42467831, 42502957)"	1.355
"(42467848, 42467850)"	2.345
"(42472371, 42528538)"	1.0
"(42474797, 42474802)"	1.72
"(42474832, 42474833)"	1.72
"(42474979, 42474983)"	1.0
"(42474997, 42475001)"	1.0
"(42475001, 42475008)"	1.0
"(42475013, 42475021)"	1.0
"(42475566, 2307901684)"	1.72
"(42476565, 2089937767)"	0.82
"(42476625, 598031731)"	0.82
"(42476669, 42476673)"	0.82
"(42479281, 42520377)"	2.684
"(42484136, 5330321644)"	1.676
"(42484224, 5330321644)"	1.676
"(42485154, 42504337)"	1.0
"(42486362, 42486365)"	1.72
"(42488973, 42536381)"	1.0
"(42490339, 42524611)"	1.676
"(42490951, 4593135573)"	1.355
"(42491365, 42520637)"	1.0
"(42491478, 42520579)"	4.021
"(42491608, 1372888639)"	2.208
"(42497593, 42497596)"	0.922
"(42497737, 278632503)"	2.208
"(42499696, 42504337)"	1.0
"(42500014, 42500257)"	1.0
"(42500257, 42510893)"	1.0
"(42503719, 42510893)"	1.0
"(42506177, 42506181)"	2.684
"(42509228, 42509232)"	2.684
"(42531876, 4593135560)"	2.345
"(42725658, 2408357241)"	1.001
"(42725739, 193868326)"	1.001
"(42730993, 42733852)"	1.001
"(42730993, 5296140997)"	1.001
"(42732922, 595786268)"	1.001
"(42736040, 42736368)"	1.001
"(42736274, 42736277)"	1.001
"(42736286, 42736290)"	1.001
"(42736339, 2408357249)"	1.001
"(42742609, 42742613)"	1.001
"(42742739, 1765378860)"	1.001
"(42764819, 42764829)"	1.001
"(427841011, 427841023)"	2.442
"(42788005, 274420493)"	2.228
"(42791253, 274420757)"	2.228
"(42795046, 598660657)"	1.0
"(42796283, 42796297)"	1.0
"(42796462, 481250111)"	2.591
"(42798007, 42829083)"	0.745
"(42798803, 42887230)"	1.0
"(42799951, 42825307)"	0.82
"(42800986, 42860019)"	1.771
"(42802054, 455517919)"	1.0
"(42808482, 42870459)"	1.483
"(42810596, 598660664)"	1.0
"(42811352, 482615977)"	2.228
"(42815782, 42815785)"	2.486
"(42815790, 42815799)"	2.486
"(42815968, 42904528)"	0.82
"(42817819, 42870235)"	1.257
"(42822509, 42822513)"	0.745
"(42823815, 42905363)"	0.745
"(42825302, 42825303)"	0.82
"(42825306, 42825307)"	0.82
"(42825313, 42825314)"	0.82
"(42828187, 2797739003)"	0.745
"(42836592, 455890212)"	1.0
"(42837163, 42885602)"	1.0
"(42838389, 3573447508)"	1.741
"(42838561, 1064257403)"	2.268
"(42838561, 42879004)"	2.268
"(42838713, 42870376)"	1.257
"(42839122, 106134113)"	1.771
"(42842364, 42879004)"	2.268
"(42845796, 3324555377)"	0.745
"(42846164, 42870320)"	1.257
"(42846314, 42846322)"	2.268
"(42846314, 4826406607)"	2.268
"(42846773, 42866051)"	1.257
"(42849703, 42905185)"	1.771
"(42849745, 42876782)"	2.486
"(42864266, 42894084)"	0.745
"(42865836, 42910603)"	1.771
"(42869485, 42903773)"	0.745
"(42870320, 42870325)"	1.257
"(42876582, 276233402)"	0.82
"(42880951, 588175752)"	2.228
"(42885595, 42885600)"	1.0
"(42894084, 42894087)"	0.745
"(42899921, 277032406)"	2.591
"(4443775464, 4443775465)"	1.753
"(4597668023, 4597668035)"	2.56
"(4597668030, 4597668031)"	2.259
"(4682935360, 4682935365)"	4.602
"(471242350, 529049383)"	0.775
"(482617545, 2087152374)"	1.483
"(482617545, 482617546)"	2.228
"(482640648, 482640649)"	0.745
"(486868138, 5079840929)"	0.82
"(5079840928, 5079840929)"	2.175
"(529283310, 5214547509)"	0.775
"(5421246257, 5421246265)"	1.483
"(561035333, 561035334)"	1.325
"(561035334, 561035335)"	1.325
"(561035338, 1506599378)"	1.325
"(561035342, 1506599377)"	1.325
"(561035342, 5763775589)"	1.325
"(561035343, 561035344)"	1.325
"(561035345, 561035346)"	1.325
"(561035346, 561035347)"	1.325
"(561035347, 561035348)"	1.325
"(561035348, 561035349)"	1.325
"(561035353, 561035354)"	1.325
"(561035354, 561035355)"	1.325
"(561035355, 561035356)"	1.325
"(561035356, 561035357)"	1.325
"(561035357, 561035358)"	1.325
"(561035358, 561035359)"	1.325
"(561035360, 561035361)"	1.325
"(561035361, 561035362)"	1.325
"(561035362, 561035363)"	1.325
"(561035363, 561035364)"	1.325
"(561035364, 561035365)"	1.325
"(561035365, 561035366)"	1.325
"(561035366, 561035367)"	1.325
"(561042190, 561042191)"	2.259
"(561042192, 561042193)"	2.259
"(561042194, 561042195)"	5.825
"(561042198, 3639382768)"	3.567
"(5837088104, 5837088105)"	3.257
"(587934347, 595436395)"	0.953
"(592643514, 592643526)"	2.998
"(592643526, 592643527)"	1.257
"(592643526, 592643538)"	1.741
"(595790188, 595793816)"	0.775
"(596668857, 2408357240)"	1.001
"(596775867, 596775882)"	4.645
"(596775907, 596775919)"	2.259
"(596776074, 596776127)"	2.643
"(597294491, 597294492)"	1.257
"(597443989, 3778745484)"	1.771
"(598043775, 598043776)"	0.922
"(598629626, 598629663)"	1.0
"(598633350, 598633359)"	1.0
"(598633352, 598633353)"	1.0
"(599044263, 599044264)"	1.0
"(6198689520, 6218794923)"	3.012
"(62915514, 62915531)"	4.602
"(62915516, 4215913809)"	4.602
"(100662028, 276210711)"	1.771
"(100662035, 277481765)"	0.775
"(100662035, 471243699)"	0.775
"(106109978, 482536836)"	0.82
"(106109978, 597444035)"	0.82
"(1061531448, 1061531491)"	1.514
"(1061531491, 1996323622)"	1.325
"(1061531496, 1061531575)"	1.325
"(1061531500, 1061531634)"	1.325
"(1061531566, 1061531634)"	1.325
"(1061531608, 1061531787)"	1.325
"(106602276, 6202834872)"	0.745
"(106666428, 276096342)"	0.745
"(1773084391, 1773084407)"	2.159
"(1773084391, 1773084410)"	2.159
"(1778676708, 5838916777)"	2.492
"(1825841743, 4557482266)"	8.667
"(2433000850, 3778745484)"	1.771
"(246579753, 246580797)"	0.922
"(246648063, 402480678)"	0.922
"(246649427, 246890579)"	0.922
"(246858431, 246858433)"	1.781
"(2708237394, 2844853159)"	1.257
"(274420084, 274420086)"	0.745
"(274420286, 1934654568)"	1.483
"(276204325, 5871709376)"	1.741
"(277578452, 277578454)"	0.745
"(280638198, 280638200)"	0.745
"(280638530, 4695130340)"	0.745
"(2912071078, 2912071085)"	1.001
"(2963821776, 5871709376)"	1.741
"(3099327957, 3099327962)"	0.995
"(370705004, 4158740807)"	0.922
"(371037237, 592643514)"	2.998
"(371337239, 589927921)"	1.001
"(3786901738, 3786901743)"	3.102
"(42421741, 42432756)"	1.514
"(42421745, 42428751)"	0.975
"(42421769, 42443280)"	4.498
"(42421772, 42442463)"	1.514
"(42421877, 42430857)"	4.79
"(42421982, 4081416473)"	1.514
"(42421993, 42435312)"	2.223
"(42421996, 42437050)"	3.241
"(42422018, 42437058)"	1.366
"(42422399, 42458435)"	0.953
"(42422545, 42423070)"	0.953
"(42422545, 42423331)"	0.953
"(42423456, 4602414021)"	2.756
"(42424025, 4779073677)"	1.494
"(42424218, 42446386)"	0.922
"(42424427, 42435265)"	4.653
"(42424439, 42425232)"	1.001
"(42424698, 42424937)"	0.953
"(42424701, 42424703)"	0.922
"(42427256, 42440356)"	0.905
"(42427256, 42444242)"	0.905
"(42427322, 42427324)"	4.507
"(42427374, 42439834)"	2.686
"(42427426, 42437890)"	2.686
"(42427762, 42427764)"	2.039
"(42427812, 4443775464)"	1.753
"(42427821, 42437693)"	1.728
"(42427828, 42438684)"	4.602
"(42427996, 42428003)"	3.284
"(42428022, 42428024)"	1.494
"(42428037, 42428039)"	1.494
"(42428049, 42428052)"	1.494
"(42428063, 42438862)"	1.514
"(42428124, 1769708232)"	0.953
"(42428305, 42428307)"	5.083
"(42428433, 42440815)"	2.163
"(42428438, 42432156)"	0.82
"(42428491, 42428493)"	5.218
"(42428491, 42436935)"	2.282
"(42428493, 42438784)"	2.658
"(42428575, 42428579)"	3.976
"(42428588, 5117963654)"	4.498
"(42428634, 1061531448)"	0.975
"(42428670, 42428674)"	0.975
"(42428674, 42428678)"	0.975
"(42428695, 42428701)"	0.975
"(42428714, 42431099)"	0.995
"(42428723, 42428725)"	0.975
"(42428760, 595314101)"	0.975
"(42428807, 42428814)"	0.975
"(42428892, 561035351)"	0.975
"(42428919, 42428922)"	0.975
"(42429334, 42429338)"	2.643
"(42429662, 42435610)"	4.853
"(42429694, 42445247)"	2.039
"(42429756, 486869282)"	0.82
"(42429773, 42429782)"	0.82
"(42429840, 42434420)"	2.208
"(42429890, 42429896)"	2.121
"(42429999, 42439464)"	1.514
"(42429999, 42442417)"	1.514
"(42430050, 42430052)"	1.222
"(42430060, 42447084)"	1.344
"(42430063, 42450009)"	2.515
"(42430217, 42430231)"	6.993
"(42430253, 42439823)"	2.121
"(42430311, 42452973)"	9.279
"(42430317, 42433604)"	2.493
"(42430358, 42440001)"	3.301
"(42430390, 42430394)"	1.325
"(42430673, 42430677)"	4.125
"(42430673, 42437371)"	4.125
"(42430749, 42440935)"	2.226
"(42430782, 42430791)"	0.975
"(42430803, 42430805)"	0.975
"(42430803, 42433822)"	2.282
"(42430824, 42430828)"	0.975
"(42430872, 595407648)"	8.684
"(42430903, 42430914)"	4.695
"(42430985, 42430989)"	2.282
"(42431000, 42431002)"	2.282
"(42431293, 42443263)"	1.494
"(42431452, 42437018)"	5.913
"(42431505, 42436159)"	2.096
"(42431549, 42440020)"	5.154
"(42431602, 272195271)"	0.922
"(42431650, 42445972)"	1.222
"(42431654, 42447060)"	1.344
"(42431677, 42437428)"	8.734
"(42431677, 596776017)"	3.354
"(42431773, 42431777)"	2.282
"(42432161, 42432165)"	0.82
"(42432199, 42432201)"	2.096
"(42432208, 42432211)"	2.096
"(42432444, 42432451)"	3.102
"(42432451, 42449945)"	4.324
"(42432594, 42443532)"	18.99
"(42432700, 42435671)"	1.753
"(42432834, 42432847)"	1.325
"(42432847, 42432856)"	1.325
"(42432856, 42432861)"	8.715
"(42433298, 3584752508)"	2.508
"(42433581, 42448554)"	3.542
"(42433644, 42443975)"	2.226
"(42434074, 42445924)"	1.222
"(42434160, 42438045)"	1.514
"(42434807, 42439842)"	2.686
"(42434954, 42445374)"	4.125
"(42435269, 42435272)"	2.28
"(42435341, 42435343)"	1.001
"(42435509, 42447126)"	2.643
"(42435629, 42435632)"	1.753
"(42435642, 42435644)"	1.753
"(42435675, 42435677)"	1.753
"(42435705, 42435707)"	15.968
"(42435810, 42435814)"	2.515
"(42436400, 42436404)"	2.176
"(42436484, 42438798)"	1.344
"(42436492, 42445247)"	2.039
"(42436514, 6177439750)"	7.512
"(42436546, 42445740)"	3.545
"(42436707, 42436710)"	2.431
"(42436796, 42439542)"	2.739
"(42436899, 42436903)"	2.17
"(42436914, 42446461)"	3.925
"(42436917, 42446466)"	1.344
"(42436939, 42440721)"	8.684
"(42436944, 42446552)"	1.863
"(42436968, 42448563)"	0.975
"(42437005, 2029349871)"	1.366
"(42437018, 42437021)"	5.913
"(42437050, 4016646206)"	3.241
"(42437074, 42437078)"	0.905
"(42437082, 42437084)"	0.905
"(42437135, 1538237325)"	0.905
"(42437289, 42446889)"	2.236
"(42437289, 42455887)"	2.236
"(42437339, 42453601)"	3.882
"(42437339, 42455867)"	1.355
"(42437371, 42454433)"	5.81
"(42437384, 42443332)"	4.498
"(42437423, 42447228)"	2.374
"(42437428, 42437433)"	3.595
"(42437917, 42443406)"	2.492
"(42437918, 42442561)"	1.514
"(42438304, 42438306)"	2.319
"(42438306, 61272284)"	2.319
"(42438509, 42452956)"	1.312
"(42438906, 42442123)"	0.995
"(42439099, 246649429)"	3.536
"(42439464, 42442415)"	1.514
"(42439840, 42439842)"	2.686
"(42439964, 42439968)"	6.794
"(42439994, 42439996)"	10.237
"(42440282, 42440343)"	2.208
"(42440401, 1919595921)"	1.355
"(42440960, 42445033)"	5.426
"(42442269, 42449576)"	2.508
"(42442432, 1061531491)"	2.839
"(42442963, 42449982)"	7.139
"(42443024, 42446478)"	1.791
"(42443116, 42444458)"	0.995
"(42443329, 42443332)"	4.498
"(42443570, 42453555)"	0.922
"(42443612, 596775951)"	3.301
"(42444500, 42450037)"	1.373
"(42445025, 42445027)"	5.426
"(42445027, 1815133244)"	5.426
"(42445215, 3858909357)"	0.995
"(42445505, 1918039897)"	2.163
"(42445924, 42445926)"	1.222
"(42445947, 42445950)"	3.262
"(42446266, 42454522)"	1.373
"(42447009, 4288677093)"	2.998
"(42447295, 42447303)"	4.006
"(42448317, 6177439750)"	7.512
"(42448552, 42448554)"	2.176
"(42448735, 42450037)"	3.545
"(42449580, 42456205)"	2.739
"(42449971, 4288677093)"	3.737
"(42452015, 5216470727)"	0.975
"(42453005, 561042197)"	3.102
"(42457660, 596776260)"	1.494
"(42457788, 247223720)"	2.374
"(42460694, 2806745706)"	1.72
"(42463268, 1692483453)"	2.345
"(42469263, 42500014)"	1.0
"(42474795, 42474797)"	1.72
"(42474819, 42474822)"	1.72
"(42474987, 42474990)"	1.0
"(42475008, 42475013)"	1.0
"(42475553, 42475557)"	1.72
"(42475566, 2806745706)"	1.72
"(42475575, 42475579)"	1.72
"(42476648, 42476651)"	0.82
"(42476663, 42476669)"	0.82
"(42477655, 42809915)"	1.676
"(42480069, 42506181)"	2.684
"(42480088, 1692483438)"	2.345
"(42482403, 42482410)"	0.82
"(42482726, 598629587)"	1.0
"(42485646, 597844758)"	0.922
"(42486300, 1259822853)"	1.72
"(42490951, 42491462)"	1.355
"(42491462, 42491468)"	1.676
"(42491569, 3425083854)"	1.72
"(42496361, 42513657)"	1.355
"(42497588, 42497591)"	0.922
"(42502230, 42517221)"	1.0
"(42509320, 42515419)"	1.0
"(42733437, 42736274)"	1.001
"(42734978, 5116063237)"	1.001
"(42736005, 2912071072)"	1.001
"(42736018, 1916621953)"	1.001
"(42736018, 42736025)"	1.001
"(42736025, 42736029)"	1.001
"(42736304, 42736311)"	1.001
"(42736311, 42736315)"	1.001
"(42736315, 42736319)"	1.001
"(42736328, 42736331)"	1.001
"(42736334, 42736336)"	1.001
"(42736345, 42736350)"	1.001
"(42736350, 42736356)"	1.001
"(42736356, 42736361)"	1.001
"(42737957, 42742605)"	1.001
"(42778520, 5335109935)"	0.775
"(427842069, 4785165288)"	2.442
"(42796297, 42885645)"	1.0
"(42798803, 42857014)"	1.0
"(42799951, 42825308)"	0.82
"(42800666, 42863753)"	1.0
"(42801644, 528909156)"	1.0
"(42804163, 42829083)"	0.745
"(42804883, 42814527)"	1.0
"(42807843, 42870230)"	1.257
"(42809915, 6397746196)"	1.676
"(42810596, 42885572)"	1.0
"(42815807, 42815810)"	2.486
"(42818407, 42818416)"	2.268
"(42818416, 42846325)"	2.268
"(42822517, 42822520)"	0.745
"(42830872, 422885580)"	1.0
"(42833276, 276210711)"	1.771
"(42843577, 42843582)"	1.676
"(42844306, 276204477)"	1.257
"(42846325, 562073896)"	2.268
"(42846565, 42891268)"	0.745
"(42846760, 42895454)"	1.771
"(42847888, 42870288)"	1.257
"(42849753, 3573447508)"	1.741
"(42855102, 42856804)"	2.228
"(42858623, 42882161)"	0.745
"(42858626, 42889891)"	0.745
"(42864789, 42870335)"	1.257
"(42870312, 2089938099)"	1.257
"(42870325, 42870329)"	1.257
"(42874736, 42903445)"	0.745
"(42876582, 42904528)"	0.82
"(42876782, 42892937)"	2.486
"(42876795, 42908517)"	1.741
"(42885689, 455890212)"	1.0
"(42891065, 42905706)"	0.745
"(42897727, 42905185)"	1.771
"(42900657, 42900660)"	1.741
"(42922021, 2768164130)"	0.745
"(42941954, 42942036)"	0.745
"(455517898, 455517919)"	1.0
"(4597668023, 4597668036)"	2.56
"(4597668028, 4597668039)"	2.259
"(4597668029, 4597668041)"	2.259
"(4597668030, 4597668043)"	2.259
"(482617539, 2802726394)"	1.483
"(482617546, 2802726387)"	2.228
"(482640607, 2408421484)"	3.012
"(486867405, 486867432)"	2.345
"(486867548, 3630249566)"	2.345
"(5117963654, 6173564360)"	4.498
"(561035330, 595314104)"	1.325
"(561035343, 5763775589)"	1.325
"(561035344, 6198320765)"	1.325
"(561042188, 4597668020)"	2.259
"(561042191, 561042193)"	2.259
"(561042192, 561042194)"	2.259
"(588152450, 598660664)"	1.0
"(595245925, 1672106382)"	2.319
"(595314101, 595314103)"	0.975
"(595786219, 595786268)"	1.001
"(596775935, 596775951)"	2.259
"(596776095, 596776127)"	2.643
"(597414736, 597414738)"	0.82
"(598629574, 598629587)"	1.0
"(598633356, 598633358)"	1.0
"(599041381, 599041383)"	1.0
"(6080716715, 6218794943)"	3.012
"(60927832, 60927836)"	0.953
"(60929261, 1769708232)"	0.953
"(6123594755, 6124099156)"	4.074
"(61261100, 61261104)"	0.922
"(62915521, 62915536)"	4.602
"(62915531, 4215913809)"	4.602
"(1061531447, 1061531509)"	1.325
"(1061531496, 1061531815)"	1.325
"(1061531504, 1061531727)"	1.325
"(1061531509, 1061531777)"	1.325
"(1061531682, 1061531731)"	1.325
"(1061531685, 5117963654)"	1.325
"(1061531695, 1061531803)"	1.325
"(1275778384, 1275778479)"	1.676
"(1275778384, 5330321642)"	1.676
"(1773084402, 1773084405)"	2.528
"(1825841742, 4347550065)"	1.325
"(1893285378, 4209420712)"	1.355
"(246580797, 4899886546)"	0.922
"(246858435, 246858449)"	1.781
"(246858445, 246858448)"	2.703
"(276204366, 2963821776)"	1.741
"(276207728, 2844853150)"	1.257
"(276299284, 597414738)"	0.82
"(277743735, 455517898)"	1.0
"(3099326128, 3099327966)"	0.995
"(371337227, 589927921)"	1.001
"(42421778, 42422592)"	1.366
"(42421809, 42428663)"	0.975
"(42421820, 42437312)"	1.366
"(42421951, 42421965)"	0.905
"(42422006, 42428689)"	0.975
"(42422018, 42438052)"	1.366
"(42422053, 42434420)"	2.208
"(42422592, 595295501)"	1.366
"(42423674, 4347550074)"	8.247
"(42423752, 42456049)"	7.139
"(42424089, 4288677093)"	2.998
"(42424439, 42435328)"	2.223
"(42427369, 42428183)"	2.56
"(42427393, 42443677)"	6.772
"(42427427, 42435629)"	1.753
"(42427494, 42445314)"	6.772
"(42428012, 42428013)"	3.284
"(42428016, 42428020)"	1.494
"(42428052, 3785532382)"	1.494
"(42428065, 42428653)"	0.975
"(42428287, 42437363)"	9.279
"(42428310, 42435687)"	23.867
"(42428321, 42428328)"	5.083
"(42428328, 42428329)"	5.083
"(42428441, 42442255)"	2.508
"(42428480, 42428483)"	2.56
"(42428493, 4597668035)"	2.56
"(42428524, 42428529)"	2.208
"(42428598, 42428601)"	0.975
"(42428814, 42428833)"	0.975
"(42428873, 42428876)"	0.975
"(42428914, 42428917)"	0.975
"(42428936, 42428939)"	0.975
"(42429666, 42439295)"	6.772
"(42429682, 42445227)"	2.444
"(42429688, 42445232)"	1.344
"(42429690, 42429693)"	2.039
"(42429701, 42431785)"	2.282
"(42429741, 42435785)"	2.515
"(42429769, 42429773)"	0.82
"(42429840, 42448578)"	2.208
"(42429888, 42454522)"	2.595
"(42429971, 42431650)"	1.222
"(42429971, 42445961)"	1.222
"(42429974, 42459114)"	7.512
"(42430041, 42442247)"	2.163
"(42430269, 42430271)"	3.851
"(42430311, 42430314)"	2.493
"(42430367, 42430371)"	4.818
"(42430384, 42430390)"	1.325
"(42430468, 42448563)"	1.366
"(42430770, 42430782)"	0.975
"(42430813, 42430818)"	0.975
"(42430818, 42430824)"	0.975
"(42430828, 42439073)"	0.975
"(42430872, 42430886)"	2.56
"(42430914, 42454997)"	4.099
"(42430983, 42430984)"	2.282
"(42430989, 42431000)"	2.282
"(42431165, 42431168)"	2.159
"(42431165, 42445534)"	2.163
"(42431447, 42435316)"	2.223
"(42431531, 42431536)"	2.176
"(42431536, 339044224)"	2.176
"(42431602, 4878831008)"	0.922
"(42431659, 42431661)"	3.354
"(42431659, 42442977)"	3.354
"(42431671, 42431674)"	3.354
"(42432078, 3670609093)"	0.905
"(42432078, 42437067)"	0.905
"(42432191, 42432194)"	2.096
"(42432194, 42432199)"	2.096
"(42432438, 42445916)"	9.865
"(42432589, 42435684)"	5.054
"(42432605, 42443549)"	0.922
"(42432737, 42447295)"	2.492
"(42432756, 42442565)"	1.514
"(42432825, 42445947)"	1.222
"(42433243, 42438476)"	0.905
"(42433295, 42433298)"	2.508
"(42433545, 5407894891)"	0.905
"(42433565, 42443280)"	4.498
"(42433567, 42442469)"	14.681
"(42433569, 42441587)"	1.366
"(42433587, 42452396)"	2.739
"(42433611, 42439964)"	6.794
"(42433620, 42435654)"	1.753
"(42433625, 42444985)"	7.498
"(42434249, 42435869)"	1.776
"(42434270, 42439836)"	2.686
"(42434308, 42435876)"	1.001
"(42434959, 42445378)"	1.222
"(42434959, 42449932)"	1.222
"(42435265, 42435266)"	2.28
"(42435335, 42435336)"	1.001
"(42435346, 4016646214)"	1.001
"(42435518, 42448254)"	1.312
"(42435596, 42436439)"	3.874
"(42435660, 42435663)"	1.753
"(42435736, 1778676708)"	2.492
"(42435763, 42435766)"	4.011
"(42435766, 4708064890)"	4.011
"(42435810, 4888388399)"	2.515
"(42435844, 42435850)"	1.001
"(42435873, 42435876)"	1.001
"(42436393, 339044224)"	4.346
"(42436393, 42436396)"	2.176
"(42436393, 6210448840)"	2.17
"(42436400, 4207862997)"	2.176
"(42436407, 4207862998)"	2.176
"(42436477, 42445227)"	3.756
"(42436481, 42436484)"	1.548
"(42436578, 42448693)"	2.595
"(42436578, 42456555)"	2.595
"(42436753, 42445413)"	1.222
"(42436917, 42447105)"	1.344
"(42436919, 42450015)"	3.163
"(42436922, 42456060)"	2.454
"(42436939, 42436941)"	2.282
"(42436943, 42440743)"	2.236
"(42436985, 42443366)"	1.497
"(42436990, 42442514)"	1.514
"(42437071, 42437074)"	0.905
"(42437280, 4597668026)"	1.373
"(42437472, 42448440)"	0.905
"(42437699, 42446678)"	4.602
"(42437845, 42438304)"	2.319
"(42437949, 3584752508)"	2.508
"(42438490, 42459137)"	1.753
"(42438795, 42439557)"	5.237
"(42439070, 42449067)"	2.282
"(42439295, 42449345)"	6.772
"(42439345, 42445574)"	2.756
"(42440282, 1538237248)"	2.208
"(42440343, 6262915547)"	2.208
"(42440966, 42450434)"	5.81
"(42441310, 5004570627)"	1.366
"(42441526, 595314125)"	1.366
"(42442410, 4081416473)"	1.514
"(42442410, 42442415)"	1.514
"(42442842, 1773084410)"	2.159
"(42442848, 42455867)"	2.739
"(42443054, 4779073679)"	1.494
"(42443313, 1241742563)"	5.604
"(42443326, 4557495130)"	4.498
"(42443513, 4478001045)"	2.159
"(42444230, 42444242)"	0.905
"(42444964, 4785165288)"	5.056
"(42444985, 42444991)"	7.498
"(42445534, 1773084402)"	2.739
"(42445766, 42445769)"	0.953
"(42445885, 4597668031)"	1.222
"(42445936, 596775919)"	2.387
"(42446941, 42449932)"	3.567
"(42447060, 42447069)"	4.697
"(42447084, 42450009)"	1.312
"(42447182, 42450057)"	2.5
"(42448317, 596775946)"	10.51
"(42448552, 1919595925)"	2.508
"(42448593, 42456492)"	2.208
"(42449685, 42449938)"	1.222
"(42449947, 42449948)"	4.324
"(42450325, 1919595928)"	1.781
"(42452365, 42455761)"	9.111
"(42453545, 62915549)"	4.602
"(42455051, 42455083)"	2.739
"(42459114, 596775985)"	7.139
"(42461379, 486819531)"	3.13
"(42463272, 1692483453)"	2.345
"(42463272, 4593135559)"	2.345
"(42464292, 42476636)"	0.82
"(42467456, 42474990)"	1.0
"(42468495, 42530139)"	1.0
"(42469263, 42520637)"	1.0
"(42474811, 1970262957)"	1.72
"(42474819, 1970262957)"	1.72
"(42474833, 42474834)"	1.72
"(42474971, 42474974)"	1.0
"(42475027, 42475031)"	1.0
"(42475551, 42514734)"	1.72
"(42475557, 5924218322)"	1.72
"(42475560, 2307901684)"	1.72
"(42475569, 42475575)"	1.72
"(42475594, 42475597)"	1.72
"(42475604, 42515206)"	1.72
"(42476621, 598031726)"	0.82
"(42477251, 42486362)"	1.72
"(42482403, 598033037)"	0.82
"(42483602, 42483607)"	1.781
"(42491365, 42503966)"	1.0
"(42495779, 42511388)"	1.0
"(42499696, 42524667)"	1.0
"(42502330, 42536666)"	1.0
"(42509213, 42509216)"	2.684
"(42513654, 42513657)"	1.355
"(42516607, 42527806)"	2.684
"(42524611, 1275778461)"	1.676
"(42524667, 42528538)"	1.0
"(42732922, 42735984)"	1.001
"(42734978, 2912071085)"	1.001
"(42735798, 42742744)"	1.001
"(42736301, 42736304)"	1.001
"(42736340, 42736345)"	1.001
"(42742744, 2025097132)"	1.001
"(42746222, 42763082)"	1.001
"(42793187, 4215741055)"	0.82
"(42803578, 106133084)"	0.82
"(42805172, 42885580)"	1.0
"(42807758, 42910631)"	1.771
"(42808482, 42876635)"	1.483
"(42815802, 42815805)"	2.486
"(42817758, 42838415)"	2.486
"(42817819, 42819599)"	1.257
"(42818232, 597443933)"	1.771
"(42818407, 42842364)"	2.268
"(42819142, 1012642442)"	0.745
"(42822501, 42822504)"	0.745
"(42823815, 42824765)"	0.745
"(42825303, 42825304)"	0.82
"(42825314, 42825315)"	0.82
"(42827962, 42879504)"	1.771
"(42828177, 42828181)"	0.745
"(42837163, 42885604)"	1.0
"(42839122, 42910642)"	1.771
"(42841778, 42917872)"	1.741
"(42843608, 42843612)"	1.676
"(42845788, 276096342)"	0.745
"(42845796, 3324555379)"	0.745
"(42847888, 5328215082)"	1.257
"(42850880, 42870366)"	1.257
"(42853768, 42923820)"	0.745
"(42853798, 42917985)"	0.745
"(42855342, 42870249)"	1.257
"(42863268, 1012642442)"	0.745
"(42864266, 42917989)"	0.745
"(42866362, 42911782)"	1.257
"(42868615, 42885576)"	1.0
"(42870238, 42870244)"	1.257
"(42885584, 598668928)"	1.0
"(42891065, 42912417)"	0.745
"(42896944, 276233422)"	0.82
"(42899014, 42923820)"	0.745
"(42908517, 42932492)"	1.741
"(42911549, 5606446476)"	0.745
"(42912467, 42912471)"	0.745
"(42912475, 42928138)"	0.745
"(42927035, 42931101)"	1.483
"(42928138, 2768164130)"	0.745
"(4347550071, 4347550074)"	1.325
"(4347550071, 4557482266)"	1.744
"(449658637, 3574731739)"	1.781
"(4597668029, 4597668042)"	2.259
"(4597668031, 4597668032)"	2.259
"(4597668032, 4597668042)"	2.259
"(479847987, 1893285378)"	2.175
"(480212188, 4593135560)"	2.345
"(4812500222, 481250072)"	2.591
"(482617550, 2802726387)"	2.228
"(486819531, 4158740807)"	3.13
"(486867459, 486867490)"	2.345
"(486867534, 486867548)"	2.345
"(486872598, 1692483461)"	2.175
"(561035330, 3579432156)"	1.325
"(561035338, 1504153604)"	1.325
"(561035345, 6198320765)"	1.325
"(561035350, 561035353)"	1.325
"(587934172, 595436395)"	0.953
"(593300815, 3785676225)"	1.257
"(5951586866, 6123976909)"	2.591
"(595790192, 595793819)"	0.775
"(596775900, 596775914)"	4.645
"(597294520, 597294545)"	1.257
"(597294547, 597294553)"	1.257
"(598629574, 598629607)"	1.0
"(598633353, 598633356)"	1.0
"(598643972, 598643975)"	1.0
"(599155224, 4059058477)"	1.0
"(60927650, 60928432)"	0.953
"(61269400, 61271527)"	0.922
"(61272284, 595245843)"	2.319
"(61272997, 61273001)"	0.922
"(61275600, 61275601)"	4.602
"(627905367, 1506445762)"	1.325
